id;nazwa;info_zab;cena
"50415";"Brother  LC 1000 black";"0.0";"0.0"
"50416";"Brother  LC 1000 cyan";"0.0";"0.0"
"50417";"Brother  LC 1000 magenta";"0.0";"0.0"
"50418";"Brother  LC 1000 yellow";"0.0";"0.0"
"50422";"Brother  LC 1100 black";"0.0";"0.0"
"50421";"Brother  LC 1100 cyan";"0.0";"0.0"
"50420";"Brother  LC 1100 magenta";"0.0";"0.0"
"50419";"Brother  LC 1100 yellow";"0.0";"0.0"
"50423";"Brother  LC 1100HY black";"0.0";"0.0"
"50424";"Brother  LC 1100HY cyan";"0.0";"0.0"
"50425";"Brother  LC 1100HY magenta";"0.0";"0.0"
"50426";"Brother  LC 1100HY yellow";"0.0";"0.0"
"40731";"Brother  LC 121 black";"0.0";"0.0"
"40732";"Brother  LC 121 cyan";"0.0";"0.0"
"40733";"Brother  LC 121 magenta";"0.0";"0.0"
"40734";"Brother  LC 121 yellow";"0.0";"0.0"
"40632";"Brother  LC 1220 black";"0.0";"0.0"
"40710";"Brother  LC 1220 cyan";"0.0";"0.0"
"40711";"Brother  LC 1220 magenta";"0.0";"0.0"
"40712";"Brother  LC 1220 yellow";"0.0";"0.0"
"40735";"Brother  LC 123 black";"0.0";"0.0"
"40736";"Brother  LC 123 cyan";"0.0";"0.0"
"40737";"Brother  LC 123 magenta";"0.0";"0.0"
"40738";"Brother  LC 123 yellow";"0.0";"0.0"
"39497";"Brother  LC 1240 black";"0.0";"0.0"
"40713";"Brother  LC 1240 cyan";"0.0";"0.0"
"40714";"Brother  LC 1240 magenta";"0.0";"0.0"
"40715";"Brother  LC 1240 yellow";"0.0";"0.0"
"40739";"Brother  LC 125XL cyan";"0.0";"0.0"
"40740";"Brother  LC 125XL magenta";"0.0";"0.0"
"40741";"Brother  LC 125XL yellow";"0.0";"0.0"
"40742";"Brother  LC 127XL black";"0.0";"0.0"
"40633";"Brother  LC 1280 black";"0.0";"0.0"
"40716";"Brother  LC 1280 cyan";"0.0";"0.0"
"40717";"Brother  LC 1280 magenta";"0.0";"0.0"
"40718";"Brother  LC 1280 yellow";"0.0";"0.0"
"40743";"Brother  LC 129XL black";"0.0";"0.0"
"40744";"Brother  LC 221 black";"0.0";"0.0"
"40745";"Brother  LC 221 cyan";"0.0";"0.0"
"40746";"Brother  LC 221 magenta";"0.0";"0.0"
"40747";"Brother  LC 221 yellow";"0.0";"0.0"
"40655";"Brother  LC 223 black";"0.0";"0.0"
"40656";"Brother  LC 223 cyan";"0.0";"0.0"
"40657";"Brother  LC 223 magenta";"0.0";"0.0"
"40658";"Brother  LC 223 yellow";"0.0";"0.0"
"40748";"Brother  LC 225XL cyan";"0.0";"0.0"
"40749";"Brother  LC 225XL magenta";"0.0";"0.0"
"40750";"Brother  LC 225XL yellow";"0.0";"0.0"
"40751";"Brother  LC 227XL black";"0.0";"0.0"
"40752";"Brother  LC 229XL black";"0.0";"0.0"
"48165";"Brother  LC 3211 black";"0.0";"0.0"
"48166";"Brother  LC 3211 cyan";"0.0";"0.0"
"48167";"Brother  LC 3211 magenta";"0.0";"0.0"
"48168";"Brother  LC 3211 yellow";"0.0";"0.0"
"48169";"Brother  LC 3213 black";"0.0";"0.0"
"48171";"Brother  LC 3213 cyan";"0.0";"0.0"
"48170";"Brother  LC 3213 magenta";"0.0";"0.0"
"48172";"Brother  LC 3213 yellow";"0.0";"0.0"
"40719";"Brother  LC 3217 black";"0.0";"0.0"
"40720";"Brother  LC 3217 cyan";"0.0";"0.0"
"40721";"Brother  LC 3217 magenta";"0.0";"0.0"
"40722";"Brother  LC 3217 yellow";"0.0";"0.0"
"47998";"Brother  LC 3219XL black";"0.0";"0.0"
"47999";"Brother  LC 3219XL cyan";"0.0";"0.0"
"48000";"Brother  LC 3219XL magenta";"0.0";"0.0"
"48001";"Brother  LC 3219XL yellow";"0.0";"0.0"
"48173";"Brother  LC 3229XL black";"0.0";"0.0"
"48174";"Brother  LC 3229XL cyan";"0.0";"0.0"
"48175";"Brother  LC 3229XL magenta";"0.0";"0.0"
"48176";"Brother  LC 3229XL yellow";"0.0";"0.0"
"48177";"Brother  LC 3233 black";"0.0";"0.0"
"48178";"Brother  LC 3233 cyan";"0.0";"0.0"
"48179";"Brother  LC 3233 magenta";"0.0";"0.0"
"48180";"Brother  LC 3233 yellow";"0.0";"0.0"
"48181";"Brother  LC 3235XL black";"0.0";"0.0"
"48182";"Brother  LC 3235XL cyan";"0.0";"0.0"
"48183";"Brother  LC 3235XL magenta";"0.0";"0.0"
"48184";"Brother  LC 3235XL yellow";"0.0";"0.0"
"48185";"Brother  LC 3237 black";"0.0";"0.0"
"48186";"Brother  LC 3237 cyan";"0.0";"0.0"
"48187";"Brother  LC 3237 magenta";"0.0";"0.0"
"48188";"Brother  LC 3237 yellow";"0.0";"0.0"
"48189";"Brother  LC 3239 black";"0.0";"0.0"
"48190";"Brother  LC 3239 cyan";"0.0";"0.0"
"48191";"Brother  LC 3239 magenta";"0.0";"0.0"
"48192";"Brother  LC 3239 yellow";"0.0";"0.0"
"40723";"Brother  LC 3617 black";"0.0";"0.0"
"40724";"Brother  LC 3617 cyan";"0.0";"0.0"
"40725";"Brother  LC 3617 magenta";"0.0";"0.0"
"40726";"Brother  LC 3617 yellow";"0.0";"0.0"
"40727";"Brother  LC 3619 black";"0.0";"0.0"
"40728";"Brother  LC 3619 cyan";"0.0";"0.0"
"40729";"Brother  LC 3619 magenta";"0.0";"0.0"
"40730";"Brother  LC 3619 yellow";"0.0";"0.0"
"50435";"Brother  LC 462 black";"0.0";"0.0"
"50436";"Brother  LC 462 cyan";"0.0";"0.0"
"50437";"Brother  LC 462 magenta";"0.0";"0.0"
"50438";"Brother  LC 462 yellow";"0.0";"0.0"
"50440";"Brother  LC 462XL black";"0.0";"0.0"
"50441";"Brother  LC 462XL cyan";"0.0";"0.0"
"50442";"Brother  LC 462XL magenta";"0.0";"0.0"
"50439";"Brother  LC 462XL yellow";"0.0";"0.0"
"40753";"Brother  LC 525XL cyan";"0.0";"0.0"
"40754";"Brother  LC 525XL magenta";"0.0";"0.0"
"40755";"Brother  LC 525XL yellow";"0.0";"0.0"
"40756";"Brother  LC 529XL black";"0.0";"0.0"
"50427";"Brother  LC 900 black";"0.0";"0.0"
"50428";"Brother  LC 900 cyan";"0.0";"0.0"
"50429";"Brother  LC 900 magenta";"0.0";"0.0"
"50430";"Brother  LC 900 yellow";"0.0";"0.0"
"50431";"Brother  LC 970 black";"0.0";"0.0"
"50432";"Brother  LC 970 cyan";"0.0";"0.0"
"50433";"Brother  LC 970 magenta";"0.0";"0.0"
"50434";"Brother  LC 970 yellow";"0.0";"0.0"
"40757";"Brother  LC 980 black";"0.0";"0.0"
"40758";"Brother  LC 980 cyan";"0.0";"0.0"
"40759";"Brother  LC 980 magenta";"0.0";"0.0"
"40760";"Brother  LC 980 yellow";"0.0";"0.0"
"39533";"Brother  LC 985 black";"0.0";"0.0"
"40708";"Brother  LC 985 cyan";"0.0";"0.0"
"39766";"Brother  LC 985 magenta";"0.0";"0.0"
"40709";"Brother  LC 985 yellow";"0.0";"0.0"
"39091";"Canon BC-01";"ZB";"0.0"
"39092";"Canon BC-02";"ZB";"0.0"
"47443";"Canon BC-02 NV";"ZB";"0.0"
"39093";"Canon BC-05";"ZB";"0.0"
"39095";"Canon BC-20";"ZB";"0.0"
"50611";"Canon BC-23";"ZB";"0.0"
"50609";"Canon BCI-10 black";"ZB";"0.0"
"50608";"Canon BCI-11 black";"ZB";"0.0"
"50607";"Canon BCI-11 color";"ZB";"0.0"
"50617";"Canon BCI-16 color";"ZB";"0.0"
"50605";"Canon BCI-21 black";"ZB";"0.0"
"50606";"Canon BCI-21 color";"ZB";"0.0"
"50610";"Canon BCI-22e";"ZB";"0.0"
"50616";"Canon BCI-24";"ZB";"0.0"
"50582";"Canon BCI-3E black";"ZB";"0.0"
"50583";"Canon BCI-3E cyan";"ZB";"0.0"
"50584";"Canon BCI-3E magenta";"ZB";"0.0"
"50586";"Canon BCI-3E photo black";"ZB";"0.0"
"50587";"Canon BCI-3E photo cyan";"ZB";"0.0"
"50585";"Canon BCI-3E yellow";"ZB";"0.0"
"50612";"Canon BCI-3P black";"ZB";"0.0"
"50615";"Canon BCI-3P cyan";"ZB";"0.0"
"50613";"Canon BCI-3P magenta";"ZB";"0.0"
"50614";"Canon BCI-3P yellow";"ZB";"0.0"
"50576";"Canon BCI-6 black";"ZB";"0.0"
"50577";"Canon BCI-6 cyan";"ZB";"0.0"
"50579";"Canon BCI-6 magenta";"ZB";"0.0"
"50581";"Canon BCI-6 photo cyan";"ZB";"0.0"
"50580";"Canon BCI-6 photo magenta";"ZB";"0.0"
"50578";"Canon BCI-6 yellow";"ZB";"0.0"
"47593";"Canon BX-2";"ZB";"0.0"
"39096";"Canon BX-20";"ZB";"0.0"
"39094";"Canon BX-3";"0.0";"0.0"
"39543";"Canon BX-3 NV";"0.0";"0.0"
"47737";"Canon CL-211";"0.0";"0.0"
"50623";"Canon CL-246";"0.0";"0.0"
"50622";"Canon CL-246XL";"0.0";"0.0"
"50619";"Canon CL-36 color";"ZB";"0.0"
"39223";"Canon CL-38";"4.0";"4.0"
"39481";"Canon CL-38  NV";"2.0";"2.0"
"39172";"Canon CL-41";"4.0";"4.0"
"39525";"Canon CL-41  NV";"2.0";"2.0"
"50556";"Canon CL-446 col";"0.0";"0.0"
"39206";"Canon CL-51";"4.0";"4.0"
"39554";"Canon CL-51  NV";"2.0";"2.0"
"39327";"Canon CL-511";"9.0";"9.0"
"39480";"Canon CL-511  NV";"2.0";"2.0"
"39366";"Canon CL-513";"9.0";"9.0"
"39568";"Canon CL-513  NV";"2.0";"2.0"
"39513";"Canon CL-541";"14.0";"14.0"
"39701";"Canon CL-541  NV";"2.0";"2.0"
"39723";"Canon CL-541 XL";"14.0";"14.0"
"39758";"Canon CL-541 XL NV";"2.0";"2.0"
"39637";"Canon CL-546";"14.0";"14.0"
"39943";"Canon CL-546 NV";"2.0";"2.0"
"39635";"Canon CL-546XL";"14.0";"14.0"
"39944";"Canon CL-546XL NV";"2.0";"2.0"
"51614";"Canon CL-56";"0.0";"0.0"
"41033";"Canon CL-561 col";"14.0";"14.0"
"48162";"Canon CL-561 col  NV";"2.0";"2.0"
"41032";"Canon CL-561XL col";"14.0";"14.0"
"48163";"Canon CL-561XL col  NV";"2.0";"2.0"
"50792";"Canon CL-576";"12.0";"12.0"
"51639";"Canon CL-576 NV";"2.0";"2.0"
"51056";"Canon CL-576XL";"12.0";"12.0"
"51060";"Canon CL-586";"10.0";"10.0"
"51641";"Canon CL-586 NV";"2.0";"2.0"
"51852";"Canon CL-586 start";"0.0";"0.0"
"51061";"Canon CL-586XL";"10.0";"10.0"
"49159";"Canon CL-746 col";"0.0";"0.0"
"49160";"Canon CL-746XL col";"0.0";"0.0"
"50597";"Canon CLI-42 black";"ZB";"0.0"
"50599";"Canon CLI-42 cyan";"ZB";"0.0"
"50603";"Canon CLI-42 grey";"ZB";"0.0"
"50604";"Canon CLI-42 light grey";"ZB";"0.0"
"50598";"Canon CLI-42 magenta";"ZB";"0.0"
"50602";"Canon CLI-42 photo cyan";"ZB";"0.0"
"50601";"Canon CLI-42 photo magenta";"ZB";"0.0"
"50600";"Canon CLI-42 yellow";"ZB";"0.0"
"39494";"Canon CLI-521";"ZB";"0.0"
"39495";"Canon CLI-526";"ZB";"0.0"
"41112";"Canon CLI-551 cmy   START";"ZB";"0.0"
"39679";"Canon CLI-551 cyan";"0.0";"0.0"
"40670";"Canon CLI-551 magenta";"0.0";"0.0"
"40672";"Canon CLI-551 yellow";"0.0";"0.0"
"50443";"Canon CLI-551BK black";"0.0";"0.0"
"50444";"Canon CLI-551GY grey";"0.0";"0.0"
"50445";"Canon CLI-551XL BK black";"0.0";"0.0"
"40669";"Canon CLI-551XL C cyan";"0.0";"0.0"
"50446";"Canon CLI-551XL GY grey";"0.0";"0.0"
"40671";"Canon CLI-551XL M magenta";"0.0";"0.0"
"40673";"Canon CLI-551XL yellow";"0.0";"0.0"
"40929";"Canon CLI-571  START mix";"0.0";"0.0"
"50447";"Canon CLI-571 black";"0.0";"0.0"
"40674";"Canon CLI-571 cyan";"0.0";"0.0"
"50625";"Canon CLI-571 grey";"0.0";"0.0"
"40676";"Canon CLI-571 magenta";"0.0";"0.0"
"40677";"Canon CLI-571 yellow";"0.0";"0.0"
"50448";"Canon CLI-571XL black";"0.0";"0.0"
"40675";"Canon CLI-571XL cyan";"0.0";"0.0"
"41022";"Canon CLI-571XL grey";"0.0";"0.0"
"40678";"Canon CLI-571XL magenta";"0.0";"0.0"
"40679";"Canon CLI-571XL yellow";"0.0";"0.0"
"40684";"Canon CLI-581 cyan";"0.0";"0.0"
"40686";"Canon CLI-581 magenta";"0.0";"0.0"
"40685";"Canon CLI-581 yellow";"0.0";"0.0"
"50591";"Canon CLI-581XL black";"0.0";"0.0"
"40687";"Canon CLI-581XL cyan";"0.0";"0.0"
"40688";"Canon CLI-581XL magenta";"0.0";"0.0"
"40689";"Canon CLI-581XL yellow";"0.0";"0.0"
"50592";"Canon CLI-581XXL black";"0.0";"0.0"
"50593";"Canon CLI-581XXL cyan";"0.0";"0.0"
"50595";"Canon CLI-581XXL magenta";"0.0";"0.0"
"50596";"Canon CLI-581XXL photo black";"0.0";"0.0"
"50594";"Canon CLI-581XXL yellow";"0.0";"0.0"
"39318";"Canon CLI-8";"ZB";"0.0"
"48997";"Canon PFI-1000 B blue";"0.0";"0.0"
"48994";"Canon PFI-1000 C cyan";"0.0";"0.0"
"48998";"Canon PFI-1000 CO chroma opimizer";"0.0";"0.0"
"49003";"Canon PFI-1000 GY grey";"0.0";"0.0"
"48999";"Canon PFI-1000 M magenta";"0.0";"0.0"
"48993";"Canon PFI-1000 MBK matte black";"0.0";"0.0"
"49000";"Canon PFI-1000 PBK photo black";"0.0";"0.0"
"49001";"Canon PFI-1000 PC photo cyan";"0.0";"0.0"
"48995";"Canon PFI-1000 PGY photo grey";"0.0";"0.0"
"49004";"Canon PFI-1000 PM photo magenta";"0.0";"0.0"
"48996";"Canon PFI-1000 R red";"0.0";"0.0"
"49002";"Canon PFI-1000 Y yellow";"0.0";"0.0"
"50450";"Canon PFI-101BK black";"0.0";"0.0"
"50452";"Canon PFI-101C cyan";"0.0";"0.0"
"50456";"Canon PFI-101G green";"0.0";"0.0"
"50451";"Canon PFI-101M magenta";"0.0";"0.0"
"50454";"Canon PFI-101PC photo cyan";"0.0";"0.0"
"50453";"Canon PFI-101PM photo magenta";"0.0";"0.0"
"50455";"Canon PFI-101R red";"0.0";"0.0"
"50449";"Canon PFI-102   SETUP";"0.0";"0.0"
"48098";"Canon PFI-102BK black";"0.0";"0.0"
"47994";"Canon PFI-102C cyan";"0.0";"0.0"
"47995";"Canon PFI-102M magenta";"0.0";"0.0"
"40693";"Canon PFI-102MBK matte black";"0.0";"0.0"
"47996";"Canon PFI-102Y yellow";"0.0";"0.0"
"48141";"Canon PFI-103BK black";"0.0";"0.0"
"41028";"Canon PFI-103GY grey";"0.0";"0.0"
"48142";"Canon PFI-103MBK matte black";"0.0";"0.0"
"41029";"Canon PFI-103PGY photo grey";"0.0";"0.0"
"48788";"Canon PFI-104BK black";"0.0";"0.0"
"48786";"Canon PFI-104C cyan";"0.0";"0.0"
"48099";"Canon PFI-104M magenta";"0.0";"0.0"
"48789";"Canon PFI-104MBK matte black";"0.0";"0.0"
"48787";"Canon PFI-104Y yellow";"0.0";"0.0"
"48109";"Canon PFI-106B blue";"0.0";"0.0"
"48112";"Canon PFI-106BK black";"0.0";"0.0"
"48113";"Canon PFI-106C cyan";"0.0";"0.0"
"48108";"Canon PFI-106G green";"0.0";"0.0"
"48107";"Canon PFI-106GY grey";"0.0";"0.0"
"48114";"Canon PFI-106M magenta";"0.0";"0.0"
"48105";"Canon PFI-106MBK matte black";"0.0";"0.0"
"48106";"Canon PFI-106PC photo cyan";"0.0";"0.0"
"48111";"Canon PFI-106PGY photo grey";"0.0";"0.0"
"48116";"Canon PFI-106PM photo magenta";"0.0";"0.0"
"48110";"Canon PFI-106R red";"0.0";"0.0"
"48115";"Canon PFI-106Y yellow";"0.0";"0.0"
"41214";"Canon PFI-107   SETUP";"0.0";"0.0"
"41023";"Canon PFI-107BK black";"0.0";"0.0"
"40834";"Canon PFI-107C cyan";"0.0";"0.0"
"40837";"Canon PFI-107M magenta";"0.0";"0.0"
"40835";"Canon PFI-107MBK matte black";"0.0";"0.0"
"40836";"Canon PFI-107Y yellow";"0.0";"0.0"
"41024";"Canon PFI-120BK black";"0.0";"0.0"
"41026";"Canon PFI-120C cyan";"0.0";"0.0"
"41025";"Canon PFI-120M magenta";"0.0";"0.0"
"48100";"Canon PFI-120MBK matte black";"0.0";"0.0"
"41027";"Canon PFI-120Y yellow";"0.0";"0.0"
"49356";"Canon PFI-1300C cyan";"0.0";"0.0"
"50589";"Canon PFI-1300G grey";"0.0";"0.0"
"49357";"Canon PFI-1300M magenta";"0.0";"0.0"
"49355";"Canon PFI-1300MBK matte black";"0.0";"0.0"
"48119";"Canon PFI-206B blue";"0.0";"0.0"
"48125";"Canon PFI-206BK black";"0.0";"0.0"
"48126";"Canon PFI-206C cyan";"0.0";"0.0"
"48124";"Canon PFI-206G green";"0.0";"0.0"
"48121";"Canon PFI-206GY grey";"0.0";"0.0"
"48127";"Canon PFI-206M magenta";"0.0";"0.0"
"48122";"Canon PFI-206MBK matte black";"0.0";"0.0"
"48118";"Canon PFI-206PC photo cyan";"0.0";"0.0"
"48117";"Canon PFI-206PGY photo grey";"0.0";"0.0"
"48123";"Canon PFI-206PM photo magenta";"0.0";"0.0"
"48120";"Canon PFI-206R red";"0.0";"0.0"
"48128";"Canon PFI-206Y yellow";"0.0";"0.0"
"48101";"Canon PFI-207BK black";"0.0";"0.0"
"48103";"Canon PFI-207C cyan";"0.0";"0.0"
"48102";"Canon PFI-207M magenta";"0.0";"0.0"
"49348";"Canon PFI-207MBK matte black";"0.0";"0.0"
"48104";"Canon PFI-207Y yellow";"0.0";"0.0"
"50588";"Canon PFI-303MBK matte black";"0.0";"0.0"
"48774";"Canon PFI-306B blue";"0.0";"0.0"
"48775";"Canon PFI-306BK black";"0.0";"0.0"
"48777";"Canon PFI-306C cyan";"0.0";"0.0"
"48783";"Canon PFI-306G green";"0.0";"0.0"
"48784";"Canon PFI-306GY grey";"0.0";"0.0"
"48778";"Canon PFI-306M magenta";"0.0";"0.0"
"48776";"Canon PFI-306MBK matte black";"0.0";"0.0"
"48780";"Canon PFI-306PC photo cyan";"0.0";"0.0"
"48785";"Canon PFI-306PGY photo grey";"0.0";"0.0"
"48781";"Canon PFI-306PM photo magenta";"0.0";"0.0"
"48782";"Canon PFI-306R red";"0.0";"0.0"
"48779";"Canon PFI-306Y yellow";"0.0";"0.0"
"49353";"Canon PFI-307BK black";"0.0";"0.0"
"49350";"Canon PFI-307C cyan";"0.0";"0.0"
"49352";"Canon PFI-307M magenta";"0.0";"0.0"
"49349";"Canon PFI-307MBK matte black";"0.0";"0.0"
"49351";"Canon PFI-307Y yellow";"0.0";"0.0"
"51257";"Canon PFI-310BK black";"0.0";"0.0"
"51258";"Canon PFI-310C cyan";"0.0";"0.0"
"51259";"Canon PFI-310M magenta";"0.0";"0.0"
"49354";"Canon PFI-310MBK matte black";"0.0";"0.0"
"51260";"Canon PFI-310Y yellow";"0.0";"0.0"
"48790";"Canon PFI-320BK black";"0.0";"0.0"
"48793";"Canon PFI-320C cyan";"0.0";"0.0"
"48792";"Canon PFI-320M magenta";"0.0";"0.0"
"48791";"Canon PFI-320MBK matte black";"0.0";"0.0"
"48794";"Canon PFI-320Y yellow";"0.0";"0.0"
"48133";"Canon PFI-701B blue";"0.0";"0.0"
"48134";"Canon PFI-701C cyan";"0.0";"0.0"
"48135";"Canon PFI-701G green";"0.0";"0.0"
"48129";"Canon PFI-701GY grey";"0.0";"0.0"
"48136";"Canon PFI-701M magenta";"0.0";"0.0"
"48132";"Canon PFI-701MBK matte black";"0.0";"0.0"
"48130";"Canon PFI-701PC photo cyan";"0.0";"0.0"
"48131";"Canon PFI-701PM photo magenta";"0.0";"0.0"
"48137";"Canon PFI-701R red";"0.0";"0.0"
"48138";"Canon PFI-701Y yellow";"0.0";"0.0"
"48139";"Canon PFI-702BK black";"0.0";"0.0"
"48140";"Canon PFI-702GY grey";"0.0";"0.0"
"48155";"Canon PFI-703BK black";"0.0";"0.0"
"48157";"Canon PFI-703C cyan";"0.0";"0.0"
"48158";"Canon PFI-703M magenta";"0.0";"0.0"
"48156";"Canon PFI-703MBK matte black";"0.0";"0.0"
"48159";"Canon PFI-703Y yellow";"0.0";"0.0"
"48149";"Canon PFI-706B blue";"0.0";"0.0"
"48143";"Canon PFI-706BK black";"0.0";"0.0"
"48150";"Canon PFI-706C cyan";"0.0";"0.0"
"48151";"Canon PFI-706G green";"0.0";"0.0"
"48144";"Canon PFI-706GY grey";"0.0";"0.0"
"48152";"Canon PFI-706M magenta";"0.0";"0.0"
"48147";"Canon PFI-706MBK matte black";"0.0";"0.0"
"48145";"Canon PFI-706PC photo cyan";"0.0";"0.0"
"48148";"Canon PFI-706PGY photo grey";"0.0";"0.0"
"48146";"Canon PFI-706PM photo magenta";"0.0";"0.0"
"48153";"Canon PFI-706R red";"0.0";"0.0"
"48154";"Canon PFI-706Y yellow";"0.0";"0.0"
"48773";"Canon PFI-707BK black";"0.0";"0.0"
"48770";"Canon PFI-707C cyan";"0.0";"0.0"
"48771";"Canon PFI-707M magenta";"0.0";"0.0"
"48772";"Canon PFI-707MBK matte black";"0.0";"0.0"
"48769";"Canon PFI-707Y yellow";"0.0";"0.0"
"50544";"Canon PFI-710MBK matte black";"0.0";"0.0"
"51250";"Canon PG-145";"0.0";"0.0"
"51251";"Canon PG-146";"0.0";"0.0"
"39582";"Canon PG-210";"0.0";"0.0"
"51848";"Canon PG-240XL black";"0.0";"0.0"
"50620";"Canon PG-245";"0.0";"0.0"
"50621";"Canon PG-245XL";"0.0";"0.0"
"39250";"Canon PG-37";"4.0";"4.0"
"39488";"Canon PG-37  NV";"2.0";"2.0"
"39171";"Canon PG-40";"4.0";"4.0"
"39542";"Canon PG-40  NV";"2.0";"2.0"
"50557";"Canon PG-445 bl";"0.0";"0.0"
"51615";"Canon PG-46";"0.0";"0.0"
"39205";"Canon PG-50";"4.0";"4.0"
"39552";"Canon PG-50  NV";"2.0";"2.0"
"39326";"Canon PG-510";"9.0";"9.0"
"39638";"Canon PG-510  NV";"2.0";"2.0"
"39339";"Canon PG-512";"9.0";"9.0"
"39524";"Canon PG-512  NV";"2.0";"2.0"
"39233";"Canon PG-52";"0.0";"0.0"
"47932";"Canon PG-52  NV";"0.0";"0.0"
"39512";"Canon PG-540";"14.0";"14.0"
"39700";"Canon PG-540  NV";"2.0";"2.0"
"39722";"Canon PG-540 XL";"14.0";"14.0"
"39757";"Canon PG-540 XL NV";"2.0";"2.0"
"39636";"Canon PG-545";"8.0";"8.0"
"39942";"Canon PG-545  NV";"2.0";"2.0"
"39680";"Canon PG-545XL";"8.0";"8.0"
"39945";"Canon PG-545XL NV";"2.0";"2.0"
"41030";"Canon PG-560 black";"14.0";"14.0"
"48164";"Canon PG-560 black  NV";"2.0";"2.0"
"41031";"Canon PG-560XL black";"14.0";"14.0"
"41034";"Canon PG-560XL black  NV";"2.0";"2.0"
"50791";"Canon PG-575";"10.0";"10.0"
"51638";"Canon PG-575 NV";"2.0";"2.0"
"51057";"Canon PG-575XL";"10.0";"10.0"
"51058";"Canon PG-585";"10.0";"10.0"
"51640";"Canon PG-585 NV";"2.0";"2.0"
"51851";"Canon PG-585 start";"0.0";"0.0"
"51059";"Canon PG-585XL";"10.0";"10.0"
"49157";"Canon PG-745 bl";"0.0";"0.0"
"49158";"Canon PG-745XL bl";"0.0";"0.0"
"49333";"Canon PGI-1500   SETUP";"0.0";"0.0"
"49329";"Canon PGI-1500 black";"0.0";"0.0"
"49330";"Canon PGI-1500 cyan";"0.0";"0.0"
"49331";"Canon PGI-1500 magenta";"0.0";"0.0"
"49332";"Canon PGI-1500 yellow";"0.0";"0.0"
"40697";"Canon PGI-1500XL black";"0.0";"0.0"
"40698";"Canon PGI-1500XL cyan";"0.0";"0.0"
"40699";"Canon PGI-1500XL magenta";"0.0";"0.0"
"40700";"Canon PGI-1500XL yellow";"0.0";"0.0"
"49338";"Canon PGI-2500  cmyk START";"0.0";"0.0"
"49334";"Canon PGI-2500 black";"0.0";"0.0"
"49335";"Canon PGI-2500 cyan";"0.0";"0.0"
"49336";"Canon PGI-2500 magenta";"0.0";"0.0"
"49337";"Canon PGI-2500 yellow";"0.0";"0.0"
"41035";"Canon PGI-2500XL black";"0.0";"0.0"
"41036";"Canon PGI-2500XL cyan";"0.0";"0.0"
"41037";"Canon PGI-2500XL magenta";"0.0";"0.0"
"41038";"Canon PGI-2500XL yellow";"0.0";"0.0"
"50550";"Canon PGI-29 cyan";"ZB";"0.0"
"50548";"Canon PGI-29 dark grey";"ZB";"0.0"
"50547";"Canon PGI-29 grey";"ZB";"0.0"
"50549";"Canon PGI-29 light grey";"ZB";"0.0"
"50553";"Canon PGI-29 magenta";"ZB";"0.0"
"50546";"Canon PGI-29 matte black";"ZB";"0.0"
"50545";"Canon PGI-29 photo black";"ZB";"0.0"
"50551";"Canon PGI-29 photo cyan";"ZB";"0.0"
"50552";"Canon PGI-29 photo magenta";"ZB";"0.0"
"50555";"Canon PGI-29 red";"ZB";"0.0"
"50554";"Canon PGI-29 yellow";"ZB";"0.0"
"50618";"Canon PGI-35 black";"ZB";"0.0"
"39317";"Canon PGI-5";"ZB";"0.0"
"39496";"Canon PGI-520";"ZB";"0.0"
"39424";"Canon PGI-525";"ZB";"0.0"
"39676";"Canon PGI-550 bl";"0.0";"0.0"
"41113";"Canon PGI-550 bl     START";"0.0";"0.0"
"40668";"Canon PGI-550XL bl";"0.0";"0.0"
"50626";"Canon PGI-555XL black";"0.0";"0.0"
"40928";"Canon PGI-570  start";"0.0";"0.0"
"40680";"Canon PGI-570 bl";"0.0";"0.0"
"40681";"Canon PGI-570XL bl";"0.0";"0.0"
"41216";"Canon PGI-580 / CLI-581    SETUP";"0.0";"0.0"
"40682";"Canon PGI-580 bl";"0.0";"0.0"
"40683";"Canon PGI-580XL bl";"0.0";"0.0"
"50590";"Canon PGI-580XXL bl";"0.0";"0.0"
"50624";"Canon PGI-7 black";"ZB";"0.0"
"50558";"Canon PGI-72   SETUP";"ZB";"0.0"
"50568";"Canon PGI-72 chroma optimizer";"ZB";"0.0"
"50564";"Canon PGI-72 cyan";"ZB";"0.0"
"50567";"Canon PGI-72 grey";"ZB";"0.0"
"50566";"Canon PGI-72 magenta";"ZB";"0.0"
"50560";"Canon PGI-72 matte black";"ZB";"0.0"
"50559";"Canon PGI-72 photo black";"ZB";"0.0"
"50561";"Canon PGI-72 photo cyan";"ZB";"0.0"
"50562";"Canon PGI-72 photo magenta";"ZB";"0.0"
"50563";"Canon PGI-72 red";"ZB";"0.0"
"50565";"Canon PGI-72 yellow";"ZB";"0.0"
"50571";"Canon PGI-9 cyan";"ZB";"0.0"
"50575";"Canon PGI-9 grey";"ZB";"0.0"
"50574";"Canon PGI-9 magenta";"ZB";"0.0"
"50570";"Canon PGI-9 matte black";"ZB";"0.0"
"50569";"Canon PGI-9 photo black";"ZB";"0.0"
"50572";"Canon PGI-9 photo cyan";"ZB";"0.0"
"50573";"Canon PGI-9 yellow";"ZB";"0.0"
"47535";"Dell  T0529 B";"0.0";"0.0"
"41052";"Epson  157XL cyan T1572";"0.0";"0.0"
"41050";"Epson  157XL light black T1577";"0.0";"0.0"
"41055";"Epson  157XL light cyan T1575";"0.0";"0.0"
"48204";"Epson  157XL light light black T1579";"0.0";"0.0"
"41054";"Epson  157XL light magenta T1576";"0.0";"0.0"
"41053";"Epson  157XL magenta T1573";"0.0";"0.0"
"41051";"Epson  157XL matte black T1578";"0.0";"0.0"
"41049";"Epson  157XL photo black T1571";"0.0";"0.0"
"41056";"Epson  157XL yellow T1574";"0.0";"0.0"
"48007";"Epson  16  SETUP";"0.0";"0.0"
"47855";"Epson  16 black  T1621";"0.0";"0.0"
"48004";"Epson  16 cyan  T1622";"0.0";"0.0"
"48005";"Epson  16 magenta  T1623";"0.0";"0.0"
"48006";"Epson  16 yellow  T1624";"0.0";"0.0"
"47832";"Epson  16XL black  T1631";"0.0";"0.0"
"48002";"Epson  16XL cyan  T1632";"0.0";"0.0"
"40761";"Epson  16XL magenta  T1633";"0.0";"0.0"
"48003";"Epson  16XL yellow  T1634";"0.0";"0.0"
"40762";"Epson  18  SETUP";"0.0";"0.0"
"48008";"Epson  18 black";"0.0";"0.0"
"48009";"Epson  18 cyan";"0.0";"0.0"
"48010";"Epson  18 magenta";"0.0";"0.0"
"48011";"Epson  18 yellow";"0.0";"0.0"
"39824";"Epson  18XL black";"0.0";"0.0"
"40763";"Epson  18XL cyan";"0.0";"0.0"
"40764";"Epson  18XL magenta";"0.0";"0.0"
"40765";"Epson  18XL yellow";"0.0";"0.0"
"41039";"Epson  202XL black";"0.0";"0.0"
"41040";"Epson  202XL cyan";"0.0";"0.0"
"41041";"Epson  202XL magenta";"0.0";"0.0"
"48193";"Epson  202XL photo black";"0.0";"0.0"
"41042";"Epson  202XL yellow";"0.0";"0.0"
"48056";"Epson  24  SETUP";"0.0";"0.0"
"40911";"Epson  24 black  T2421";"0.0";"0.0"
"48049";"Epson  24 cyan  T2422";"0.0";"0.0"
"48048";"Epson  24 light cyan  T2425";"0.0";"0.0"
"48051";"Epson  24 light magenta  T2426";"0.0";"0.0"
"48047";"Epson  24 magenta  T2423";"0.0";"0.0"
"48050";"Epson  24 yellow  T2424";"0.0";"0.0"
"40912";"Epson  24XL black  T2431 XL";"0.0";"0.0"
"48052";"Epson  24XL cyan  T2432 XL";"0.0";"0.0"
"48054";"Epson  24XL light cyan  T2435 XL";"0.0";"0.0"
"48055";"Epson  24XL light magenta  T2436 XL";"0.0";"0.0"
"48053";"Epson  24XL magenta  T2433 XL";"0.0";"0.0"
"40913";"Epson  24XL yellow  T2434 XL";"0.0";"0.0"
"39752";"Epson  26XL black";"0.0";"0.0"
"40779";"Epson  26XL cyan";"0.0";"0.0"
"40780";"Epson  26XL magenta";"0.0";"0.0"
"40781";"Epson  26XL yellow";"0.0";"0.0"
"40784";"Epson  27  SETUP";"0.0";"0.0"
"40785";"Epson  27 black";"0.0";"0.0"
"40786";"Epson  27 cyan";"0.0";"0.0"
"40787";"Epson  27 magenta";"0.0";"0.0"
"40788";"Epson  27 yellow";"0.0";"0.0"
"40789";"Epson  27XL black";"ZB";"0.0"
"40790";"Epson  27XL cyan";"ZB";"0.0"
"40791";"Epson  27XL magenta";"ZB";"0.0"
"40792";"Epson  27XL yellow";"ZB";"0.0"
"40783";"Epson  29  SETUP";"0.0";"0.0"
"40782";"Epson  29 black";"0.0";"0.0"
"48015";"Epson  29 cyan";"0.0";"0.0"
"48016";"Epson  29 magenta";"0.0";"0.0"
"48017";"Epson  29 yellow";"0.0";"0.0"
"47755";"Epson  29XL black";"0.0";"0.0"
"48012";"Epson  29XL cyan";"0.0";"0.0"
"48013";"Epson  29XL magenta";"0.0";"0.0"
"48014";"Epson  29XL yellow";"0.0";"0.0"
"48057";"Epson  33  SETUP";"0.0";"0.0"
"48058";"Epson  33 black";"0.0";"0.0"
"48060";"Epson  33 cyan";"0.0";"0.0"
"48059";"Epson  33 magenta";"0.0";"0.0"
"48062";"Epson  33 photo black";"0.0";"0.0"
"48061";"Epson  33 yellow";"0.0";"0.0"
"40914";"Epson  33XL black";"0.0";"0.0"
"40915";"Epson  33XL cyan";"0.0";"0.0"
"40916";"Epson  33XL magenta";"0.0";"0.0"
"48063";"Epson  33XL photo black";"0.0";"0.0"
"40917";"Epson  33XL yellow";"0.0";"0.0"
"41045";"Epson  34XL black  T3471";"0.0";"0.0"
"41046";"Epson  34XL cyan  T3472";"0.0";"0.0"
"41047";"Epson  34XL magenta  T3473";"0.0";"0.0"
"41048";"Epson  34XL yellow  T3474";"0.0";"0.0"
"48200";"Epson  35XL black  T3591";"0.0";"0.0"
"48201";"Epson  35XL cyan  T3592";"0.0";"0.0"
"48202";"Epson  35XL magenta  T3593";"0.0";"0.0"
"48203";"Epson  35XL yellow  T3594";"0.0";"0.0"
"48194";"Epson  378XL black  T3791";"0.0";"0.0"
"48195";"Epson  378XL cyan  T3792";"0.0";"0.0"
"48198";"Epson  378XL light cyan  T3795";"0.0";"0.0"
"48199";"Epson  378XL light magenta  T3796";"0.0";"0.0"
"48196";"Epson  378XL magenta  T3793";"0.0";"0.0"
"48197";"Epson  378XL yellow  T3794";"0.0";"0.0"
"48800";"Epson  407 black";"0.0";"0.0"
"48801";"Epson  407 cyan";"0.0";"0.0"
"48802";"Epson  407 magenta";"0.0";"0.0"
"48803";"Epson  407 yellow";"0.0";"0.0"
"48804";"Epson  408L T09K1 black XL";"0.0";"0.0"
"48805";"Epson  408L T09K2 cyan XL";"0.0";"0.0"
"48806";"Epson  408L T09K3 magenta XL";"0.0";"0.0"
"48807";"Epson  408L T09K4 yellow XL";"0.0";"0.0"
"48205";"Epson  603XL black  T03A1";"0.0";"0.0"
"48206";"Epson  603XL cyan  T03A2";"0.0";"0.0"
"41057";"Epson  603XL magenta  T03A3";"0.0";"0.0"
"48207";"Epson  603XL yellow  T03A4";"0.0";"0.0"
"48796";"Epson  MJIC9BK black";"0.0";"0.0"
"48795";"Epson  MJIC9C cyan";"0.0";"0.0"
"48797";"Epson  MJIC9M magenta";"0.0";"0.0"
"48798";"Epson  MJIC9Y yellow";"0.0";"0.0"
"48655";"Epson  PJIC1 cyan";"ZB";"0.0"
"48656";"Epson  PJIC2 light cyan";"ZB";"0.0"
"48657";"Epson  PJIC3 light magenta";"ZB";"0.0"
"48658";"Epson  PJIC4 magenta";"ZB";"0.0"
"48659";"Epson  PJIC5 yellow";"ZB";"0.0"
"48660";"Epson  PJIC6 black";"ZB";"0.0"
"48339";"Epson  T007 black";"0.0";"0.0"
"48340";"Epson  T008 color";"0.0";"0.0"
"48338";"Epson  T009 color";"0.0";"0.0"
"48343";"Epson  T019 black";"0.0";"0.0"
"48341";"Epson  T020 color";"0.0";"0.0"
"41309";"Epson  T0321 black";"0.0";"0.0"
"41310";"Epson  T0322 cyan";"0.0";"0.0"
"41311";"Epson  T0323 magenta";"0.0";"0.0"
"41312";"Epson  T0324 yellow";"0.0";"0.0"
"41313";"Epson  T0331 black";"0.0";"0.0"
"41314";"Epson  T0332 cyan";"0.0";"0.0"
"48330";"Epson  T0333 magenta";"0.0";"0.0"
"41315";"Epson  T0334 yellow";"0.0";"0.0"
"48331";"Epson  T0335 cyan light";"0.0";"0.0"
"41316";"Epson  T0336 magenta light";"0.0";"0.0"
"41277";"Epson  T0341 black photo";"ZB";"0.0"
"41278";"Epson  T0342 cyan";"ZB";"0.0"
"41279";"Epson  T0343 magenta";"ZB";"0.0"
"41280";"Epson  T0344 yellow";"ZB";"0.0"
"41281";"Epson  T0345 cyan light";"ZB";"0.0"
"41282";"Epson  T0346 magenta light";"ZB";"0.0"
"41283";"Epson  T0347 black light";"ZB";"0.0"
"48325";"Epson  T0348 black matte";"ZB";"0.0"
"41319";"Epson  T036 black";"0.0";"0.0"
"41320";"Epson  T037 color";"0.0";"0.0"
"48342";"Epson  T040 black";"0.0";"0.0"
"41321";"Epson  T041 color";"0.0";"0.0"
"48332";"Epson  T0421 black";"0.0";"0.0"
"41317";"Epson  T0422 cyan";"0.0";"0.0"
"48333";"Epson  T0423 magenta";"0.0";"0.0"
"48334";"Epson  T0424 yellow";"0.0";"0.0"
"41318";"Epson  T0431 black";"0.0";"0.0"
"48335";"Epson  T0432 cyan";"0.0";"0.0"
"48336";"Epson  T0433 magenta";"0.0";"0.0"
"48337";"Epson  T0434 yellow";"0.0";"0.0"
"41270";"Epson  T0441 black";"0.0";"0.0"
"41271";"Epson  T0442 cyan";"0.0";"0.0"
"41272";"Epson  T0443 magenta";"0.0";"0.0"
"41273";"Epson  T0444 yellow";"0.0";"0.0"
"48324";"Epson  T0451 black";"0.0";"0.0"
"41274";"Epson  T0452 cyan";"0.0";"0.0"
"41275";"Epson  T0453 magenta";"0.0";"0.0"
"41276";"Epson  T0454 yellow";"0.0";"0.0"
"40773";"Epson  T0481";"0.0";"0.0"
"40774";"Epson  T0482";"0.0";"0.0"
"40775";"Epson  T0483";"0.0";"0.0"
"40776";"Epson  T0484";"0.0";"0.0"
"40777";"Epson  T0485";"0.0";"0.0"
"40778";"Epson  T0486";"0.0";"0.0"
"41262";"Epson  T0540 glass optimizer";"ZB";"0.0"
"41263";"Epson  T0541 black photo";"ZB";"0.0"
"41264";"Epson  T0542 cyan";"ZB";"0.0"
"41265";"Epson  T0543 magenta";"ZB";"0.0"
"41266";"Epson  T0544 yellow";"ZB";"0.0"
"41267";"Epson  T0547 red";"ZB";"0.0"
"41268";"Epson  T0548 black matte";"ZB";"0.0"
"41269";"Epson  T0549 blue";"ZB";"0.0"
"40769";"Epson  T0551";"0.0";"0.0"
"40770";"Epson  T0552";"0.0";"0.0"
"40771";"Epson  T0553";"0.0";"0.0"
"40772";"Epson  T0554";"0.0";"0.0"
"41300";"Epson  T0591 black photo";"0.0";"0.0"
"41301";"Epson  T0592 cyan";"0.0";"0.0"
"41302";"Epson  T0593 magenta";"0.0";"0.0"
"41303";"Epson  T0594 yellow";"0.0";"0.0"
"41304";"Epson  T0595 cyan light";"0.0";"0.0"
"41305";"Epson  T0596 magenta light";"0.0";"0.0"
"41306";"Epson  T0597 black light";"0.0";"0.0"
"41307";"Epson  T0598 black matte";"0.0";"0.0"
"41308";"Epson  T0599 black light light";"0.0";"0.0"
"40814";"Epson  T0611";"0.0";"0.0"
"40815";"Epson  T0612";"0.0";"0.0"
"40816";"Epson  T0613";"0.0";"0.0"
"40817";"Epson  T0614";"0.0";"0.0"
"40805";"Epson  T0711";"0.0";"0.0"
"40806";"Epson  T0712";"0.0";"0.0"
"40807";"Epson  T0713";"0.0";"0.0"
"40808";"Epson  T0714";"0.0";"0.0"
"48020";"Epson  T0791";"0.0";"0.0"
"40809";"Epson  T0792";"0.0";"0.0"
"48021";"Epson  T0793";"0.0";"0.0"
"48022";"Epson  T0794";"0.0";"0.0"
"48023";"Epson  T0795";"0.0";"0.0"
"48024";"Epson  T0796";"0.0";"0.0"
"40793";"Epson  T0801";"0.0";"0.0"
"40794";"Epson  T0802";"0.0";"0.0"
"40795";"Epson  T0803";"0.0";"0.0"
"40796";"Epson  T0804";"0.0";"0.0"
"40797";"Epson  T0805";"0.0";"0.0"
"40798";"Epson  T0806";"0.0";"0.0"
"41285";"Epson  T0870 glass optimizer";"0.0";"0.0"
"41286";"Epson  T0871 black photo";"0.0";"0.0"
"41287";"Epson  T0872 cyan";"0.0";"0.0"
"41288";"Epson  T0873 magenta";"0.0";"0.0"
"41289";"Epson  T0874 yellow";"0.0";"0.0"
"41290";"Epson  T0877 red";"0.0";"0.0"
"41291";"Epson  T0879 orange";"0.0";"0.0"
"40810";"Epson  T0891";"0.0";"0.0"
"40811";"Epson  T0892";"0.0";"0.0"
"40812";"Epson  T0893";"0.0";"0.0"
"40813";"Epson  T0894";"0.0";"0.0"
"41292";"Epson  T0961 black photo";"0.0";"0.0"
"41293";"Epson  T0962 cyan";"0.0";"0.0"
"41294";"Epson  T0963 magenta";"0.0";"0.0"
"41295";"Epson  T0964 yellow";"0.0";"0.0"
"41296";"Epson  T0965 cyan light";"0.0";"0.0"
"41297";"Epson  T0966 magenta light";"0.0";"0.0"
"41298";"Epson  T0967 black light";"0.0";"0.0"
"48329";"Epson  T0968 black matte";"0.0";"0.0"
"41299";"Epson  T0969 black light light";"0.0";"0.0"
"48326";"Epson  T1001 black";"0.0";"0.0"
"48327";"Epson  T1002 cyan";"0.0";"0.0"
"41284";"Epson  T1003 magenta";"0.0";"0.0"
"48328";"Epson  T1004 yellow";"0.0";"0.0"
"40801";"Epson  T1281";"0.0";"0.0"
"40802";"Epson  T1282";"0.0";"0.0"
"40803";"Epson  T1283";"0.0";"0.0"
"40804";"Epson  T1284";"0.0";"0.0"
"40799";"Epson  T1291";"0.0";"0.0"
"48018";"Epson  T1292";"0.0";"0.0"
"40800";"Epson  T1293";"0.0";"0.0"
"48019";"Epson  T1294";"0.0";"0.0"
"39751";"Epson  T1301";"0.0";"0.0"
"40766";"Epson  T1302";"0.0";"0.0"
"40767";"Epson  T1303";"0.0";"0.0"
"40768";"Epson  T1304";"0.0";"0.0"
"48426";"Epson  T1590 gloss optimizer";"0.0";"0.0"
"48427";"Epson  T1591 photo black";"0.0";"0.0"
"48428";"Epson  T1592 cyan";"0.0";"0.0"
"41437";"Epson  T1593 magenta";"0.0";"0.0"
"41438";"Epson  T1594 yellow";"0.0";"0.0"
"48429";"Epson  T1597 red";"0.0";"0.0"
"41439";"Epson  T1598 matte black";"0.0";"0.0"
"48430";"Epson  T1599 orange";"0.0";"0.0"
"41043";"Epson  T266 black";"0.0";"0.0"
"41044";"Epson  T267 cmy";"0.0";"0.0"
"48066";"Epson  T5801 photo black";"0.0";"0.0"
"48067";"Epson  T5802 cyan";"0.0";"0.0"
"48072";"Epson  T5803 magenta";"0.0";"0.0"
"40927";"Epson  T5804 yellow";"0.0";"0.0"
"48069";"Epson  T5805 light cyan";"0.0";"0.0"
"48071";"Epson  T5806 light magenta";"0.0";"0.0"
"48068";"Epson  T5807 light black";"0.0";"0.0"
"48073";"Epson  T5808 matte black";"0.0";"0.0"
"48070";"Epson  T5809 light light black";"0.0";"0.0"
"48820";"Epson  T5911 photo black";"0.0";"0.0"
"48821";"Epson  T5912 cyan";"0.0";"0.0"
"48822";"Epson  T5913 vivid magenta";"0.0";"0.0"
"48823";"Epson  T5914 yellow";"0.0";"0.0"
"48824";"Epson  T5915 light cyan";"0.0";"0.0"
"48825";"Epson  T5916 vivid light magenta";"0.0";"0.0"
"48826";"Epson  T5917 light black";"0.0";"0.0"
"48827";"Epson  T5918 matte black";"0.0";"0.0"
"48828";"Epson  T5919 light light black";"0.0";"0.0"
"41261";"Epson  T5961 black photo";"ZB";"0.0"
"48316";"Epson  T5962 cyan";"ZB";"0.0"
"41260";"Epson  T5963 magenta";"ZB";"0.0"
"48317";"Epson  T5964 yellow";"ZB";"0.0"
"48318";"Epson  T5968 black matte";"ZB";"0.0"
"41088";"Epson  T6061 photo black";"0.0";"0.0"
"41089";"Epson  T6062 cyan";"0.0";"0.0"
"41090";"Epson  T6063 vivid magenta";"0.0";"0.0"
"41091";"Epson  T6064 yellow";"0.0";"0.0"
"41092";"Epson  T6065 light cyan";"0.0";"0.0"
"41093";"Epson  T6066 vivid light magenta";"0.0";"0.0"
"41094";"Epson  T6067 light black";"0.0";"0.0"
"48254";"Epson  T6068 matte black";"0.0";"0.0"
"41095";"Epson  T6069 light light black";"0.0";"0.0"
"48253";"Epson  T606B magenta";"0.0";"0.0"
"48252";"Epson  T606C light magenta";"0.0";"0.0"
"48834";"Epson  T6112 cyan";"0.0";"0.0"
"48835";"Epson  T6113 magenta";"ZB";"0.0"
"48836";"Epson  T6114 yellow";"0.0";"0.0"
"48837";"Epson  T6118 matte black";"0.0";"0.0"
"48838";"Epson  T6121 photo black";"0.0";"0.0"
"48839";"Epson  T6122 cyan";"0.0";"0.0"
"48840";"Epson  T6123 magenta";"0.0";"0.0"
"48841";"Epson  T6124 yellow";"0.0";"0.0"
"48842";"Epson  T6128 matte black";"0.0";"0.0"
"48829";"Epson  T6161 black";"ZB";"0.0"
"48830";"Epson  T6162 cyan";"ZB";"0.0"
"48831";"Epson  T6163 magenta";"ZB";"0.0"
"48832";"Epson  T6164 yellow";"ZB";"0.0"
"48833";"Epson  T6181 black";"ZB";"0.0"
"48320";"Epson  T6361 black photo";"0.0";"0.0"
"48321";"Epson  T6362 cyan";"0.0";"0.0"
"48322";"Epson  T6363 magenta";"0.0";"0.0"
"48323";"Epson  T6364 yellow";"0.0";"0.0"
"48799";"Epson  T6367 light black";"0.0";"0.0"
"48319";"Epson  T6368 black matte";"0.0";"0.0"
"48843";"Epson  T6531 photo black";"ZB";"0.0"
"48844";"Epson  T6532 cyan";"ZB";"0.0"
"48845";"Epson  T6533 vivid magenta";"ZB";"0.0"
"48846";"Epson  T6534 yellow";"ZB";"0.0"
"48847";"Epson  T6535 light cyan";"ZB";"0.0"
"48848";"Epson  T6536 vivid light magenta";"ZB";"0.0"
"48849";"Epson  T6537 light black";"ZB";"0.0"
"48850";"Epson  T6538 matte black";"ZB";"0.0"
"48851";"Epson  T6539 light light black";"ZB";"0.0"
"48852";"Epson  T653A orange";"0.0";"0.0"
"48853";"Epson  T653B green";"0.0";"0.0"
"48854";"Epson  T6931 black";"ZB";"0.0"
"48855";"Epson  T6932 cyan";"ZB";"0.0"
"48856";"Epson  T6933 magenta";"ZB";"0.0"
"48857";"Epson  T6934 yellow";"ZB";"0.0"
"48858";"Epson  T6935 matte black";"ZB";"0.0"
"48859";"Epson  T6941 black";"0.0";"0.0"
"48860";"Epson  T6942 cyan";"0.0";"0.0"
"48861";"Epson  T6943 magenta";"0.0";"0.0"
"48862";"Epson  T6944 yellow";"0.0";"0.0"
"48863";"Epson  T6945 matte black";"0.0";"0.0"
"41242";"Epson  T7011 black";"ZB";"0.0"
"41243";"Epson  T7012 cyan";"ZB";"0.0"
"41244";"Epson  T7013 magenta";"ZB";"0.0"
"41245";"Epson  T7014 yellow";"ZB";"0.0"
"41249";"Epson  T7021 black";"ZB";"0.0"
"41248";"Epson  T7022 cyan";"ZB";"0.0"
"41247";"Epson  T7023 magenta";"ZB";"0.0"
"41246";"Epson  T7024 yellow";"ZB";"0.0"
"41250";"Epson  T7031 black";"0.0";"0.0"
"41251";"Epson  T7032 cyan";"0.0";"0.0"
"41252";"Epson  T7033 magenta";"0.0";"0.0"
"41253";"Epson  T7034 yellow";"0.0";"0.0"
"48217";"Epson  T7541 black";"ZB";"0.0"
"48218";"Epson  T7542 cyan";"ZB";"0.0"
"48219";"Epson  T7543 magenta";"ZB";"0.0"
"41076";"Epson  T7544 yellow";"ZB";"0.0"
"48220";"Epson  T7551 black";"0.0";"0.0"
"41077";"Epson  T7552 cyan";"0.0";"0.0"
"48221";"Epson  T7553 magenta";"0.0";"0.0"
"41078";"Epson  T7554 yellow";"0.0";"0.0"
"41079";"Epson  T7561 black";"0.0";"0.0"
"41080";"Epson  T7562 cyan";"0.0";"0.0"
"41081";"Epson  T7563 magenta";"0.0";"0.0"
"48222";"Epson  T7564 yellow";"0.0";"0.0"
"48238";"Epson  T7601 photo black";"0.0";"0.0"
"48242";"Epson  T7602 cyan";"0.0";"0.0"
"48243";"Epson  T7603 magenta";"0.0";"0.0"
"48246";"Epson  T7604 yellow";"0.0";"0.0"
"48245";"Epson  T7605 light cyan";"0.0";"0.0"
"48244";"Epson  T7606 light magenta";"0.0";"0.0"
"48240";"Epson  T7607 light black";"0.0";"0.0"
"48239";"Epson  T7608 matte black";"0.0";"0.0"
"48241";"Epson  T7609 light light black";"0.0";"0.0"
"41257";"Epson  T7891 black";"ZB";"0.0"
"48315";"Epson  T7892 cyan";"ZB";"0.0"
"41258";"Epson  T7893 magenta";"ZB";"0.0"
"41259";"Epson  T7894 yellow";"ZB";"0.0"
"41255";"Epson  T7901 black   79XL";"ZB";"0.0"
"41254";"Epson  T7902 cyan   79XL";"ZB";"0.0"
"41256";"Epson  T7903 magenta   79XL";"ZB";"0.0"
"48310";"Epson  T7904 yellow   79XL";"ZB";"0.0"
"48311";"Epson  T7911 black   79";"0.0";"0.0"
"48312";"Epson  T7912 cyan   79";"0.0";"0.0"
"48313";"Epson  T7913 magenta   79";"0.0";"0.0"
"48314";"Epson  T7914 yellow   79";"0.0";"0.0"
"48808";"Epson  T8241 photo black";"ZB";"0.0"
"48809";"Epson  T8242 cyan";"ZB";"0.0"
"48810";"Epson  T8243 vivid magenta";"ZB";"0.0"
"48811";"Epson  T8244 yellow";"ZB";"0.0"
"48812";"Epson  T8245 light cyan";"ZB";"0.0"
"48813";"Epson  T8246 vivid light magenta";"ZB";"0.0"
"48814";"Epson  T8247 light black";"ZB";"0.0"
"48815";"Epson  T8248 matte black";"ZB";"0.0"
"48816";"Epson  T8249 light light black";"ZB";"0.0"
"48817";"Epson  T824A orange";"0.0";"0.0"
"48818";"Epson  T824B Green";"0.0";"0.0"
"48819";"Epson  T824V violet";"0.0";"0.0"
"48879";"Epson  T8501 photo black";"ZB";"0.0"
"48880";"Epson  T8502 cyan";"ZB";"0.0"
"48881";"Epson  T8503 magenta";"ZB";"0.0"
"48882";"Epson  T8504 yellow";"ZB";"0.0"
"48883";"Epson  T8505 light cyan";"ZB";"0.0"
"48884";"Epson  T8506 light magenta";"ZB";"0.0"
"48885";"Epson  T8507 light black";"ZB";"0.0"
"48886";"Epson  T8508 matte black";"ZB";"0.0"
"48887";"Epson  T8509 light light black";"ZB";"0.0"
"48247";"Epson  T8581 black";"0.0";"0.0"
"48248";"Epson  T8582 cyan";"0.0";"0.0"
"48249";"Epson  T8583 magenta";"0.0";"0.0"
"48250";"Epson  T8584 yellow";"0.0";"0.0"
"48231";"Epson  T9071 black XXL";"ZB";"0.0"
"48232";"Epson  T9072 cyan XXL";"ZB";"0.0"
"48233";"Epson  T9073 magenta  XXL";"ZB";"0.0"
"48234";"Epson  T9074 yellow  XXL";"ZB";"0.0"
"48235";"Epson  T9081 black XL";"ZB";"0.0"
"48236";"Epson  T9082 cyan XL";"ZB";"0.0"
"41082";"Epson  T9083 magenta  XL";"ZB";"0.0"
"48237";"Epson  T9084 yellow  XL";"ZB";"0.0"
"48868";"Epson  T9131 black 1699019";"ZB";"0.0"
"48869";"Epson  T9132 cyan 1699020";"ZB";"0.0"
"48870";"Epson  T9133 vivid magenta 1699021";"ZB";"0.0"
"48871";"Epson  T9134 yellow 1699022";"ZB";"0.0"
"48872";"Epson  T9135 light cyan 1699023";"ZB";"0.0"
"48873";"Epson  T9136 vivid light magenta 1699024";"ZB";"0.0"
"48874";"Epson  T9137 light black 1699025";"ZB";"0.0"
"48875";"Epson  T9138 matte black 1699026";"ZB";"0.0"
"48876";"Epson  T9139 light light black 1699027";"ZB";"0.0"
"48877";"Epson  T913A orange 1699028";"ZB";"0.0"
"48878";"Epson  T913B green 1699029";"ZB";"0.0"
"48223";"Epson  T9441 black";"0.0";"0.0"
"48224";"Epson  T9442 cyan";"0.0";"0.0"
"48225";"Epson  T9443 magenta";"0.0";"0.0"
"48226";"Epson  T9444 yellow";"0.0";"0.0"
"48227";"Epson  T9451 black";"0.0";"0.0"
"48228";"Epson  T9452 cyan";"0.0";"0.0"
"48229";"Epson  T9453 magenta";"0.0";"0.0"
"48230";"Epson  T9454 yellow";"0.0";"0.0"
"39245";"HP  10 black  C4844A";"0.0";"0.0"
"48293";"HP  10 cyan  C4841A";"0.0";"0.0"
"48291";"HP  10 magenta  C4843A";"0.0";"0.0"
"48292";"HP  10 yellow  C4842A";"0.0";"0.0"
"39537";"HP  11 cyan  C4836AE";"0.0";"0.0"
"41020";"HP  11 magenta  C4837AE";"0.0";"0.0"
"41021";"HP  11 yellow  C4838AE";"0.0";"0.0"
"41159";"HP  123 black   SETUP";"2.0";"2.0"
"41157";"HP  123 black  F6V17AE";"3.0";"3.0"
"41160";"HP  123 color   SETUP";"2.0";"2.0"
"41158";"HP  123 color  F6V16AE";"3.0";"3.0"
"48272";"HP  123XL black  F6V19AE";"3.0";"3.0"
"48273";"HP  123XL color  F6V18AE";"3.0";"3.0"
"50500";"HP  13 black  C4814A";"0.0";"0.0"
"50501";"HP  13 cyan  C4815A";"0.0";"0.0"
"50502";"HP  13 magenta  C4816A";"0.0";"0.0"
"50503";"HP  13 yellow  C4817A";"0.0";"0.0"
"48084";"HP  14 tricolor  C5010D";"0.0";"0.0"
"21664";"HP  302 black                 F6U66AE";"13.0";"13.0"
"40063";"HP  302 black SETUP     N9J10AE";"13.0";"13.0"
"21665";"HP  302 col                     F6U65AE";"13.0";"13.0"
"40062";"HP  302 col SETUP         N9J09AE";"13.0";"13.0"
"40043";"HP  302/302XL black NV";"2.0";"2.0"
"40044";"HP  302/302XL color NV";"2.0";"2.0"
"51094";"HP  302/303/304/305 mix colors // LONG";"0.0";"0.0"
"40005";"HP  302XL black              F6U68AE";"13.0";"13.0"
"40006";"HP  302XL color               F6U67AE";"13.0";"13.0"
"40320";"HP  303 bl                T6N02AE";"15.0";"15.0"
"40326";"HP  303 bl NV";"2.0";"2.0"
"40324";"HP  303 bl SETUP";"13.0";"13.0"
"40321";"HP  303 col               T6N01AE";"15.0";"15.0"
"40327";"HP  303 col NV";"2.0";"2.0"
"40325";"HP  303 col SETUP";"13.0";"13.0"
"40322";"HP  303XL bl                T6N04AE";"15.0";"15.0"
"40323";"HP  303XL col                T6N03AE";"15.0";"15.0"
"22073";"HP  304 black                N9K06AE";"13.0";"13.0"
"40081";"HP  304 black SETUP   N9K00AE, N9J96AE";"13.0";"13.0"
"22074";"HP  304 color                 N9K05AE";"13.0";"13.0"
"22180";"HP  304 color SETUP   N9J99AE, N9J95AE";"13.0";"13.0"
"40266";"HP  304/304XL black NV";"2.0";"2.0"
"40267";"HP  304/304XL col NV";"2.0";"2.0"
"40052";"HP  304XL black             N9K08AE";"13.0";"13.0"
"40053";"HP  304XL color              N9K07AE";"13.0";"13.0"
"41183";"HP  305 bl    3YM61AE";"13.0";"13.0"
"41186";"HP  305 bl SETUP";"13.0";"13.0"
"41184";"HP  305 col    3YM60AE";"13.0";"13.0"
"41185";"HP  305 col SETUP";"13.0";"13.0"
"41396";"HP  305/305XL black NV";"2.0";"2.0"
"41397";"HP  305/305XL color NV";"2.0";"2.0"
"41187";"HP  305XL bl    3YM62AE";"13.0";"13.0"
"41188";"HP  305XL col    3YM63AE";"13.0";"13.0"
"41413";"HP  307XL bl     3YM64A";"0.0";"0.0"
"51473";"HP  308 black 7FP21U";"15.0";"15.0"
"51642";"HP  308 black NV";"2.0";"2.0"
"51396";"HP  308 black SETUP    7FP03A";"13.0";"13.0"
"51445";"HP  308 color     7FP02OU";"15.0";"15.0"
"51643";"HP  308 color  NV";"2.0";"2.0"
"51397";"HP  308 color SETUP    7FP02A";"13.0";"13.0"
"51853";"HP  308XL black";"15.0";"15.0"
"51854";"HP  308XL color     7FP02OU";"15.0";"15.0"
"39248";"HP  350";"0.0";"0.0"
"39404";"HP  350 NV";"ZB";"0.0"
"39498";"HP  350 START";"0.0";"0.0"
"39224";"HP  350 XL";"0.0";"0.0"
"39441";"HP  350 XL NV";"ZB";"0.0"
"39225";"HP  351";"0.0";"0.0"
"39561";"HP  351 NV";"ZB";"0.0"
"39249";"HP  351 XL";"0.0";"0.0"
"39444";"HP  351 XL NV";"0.0";"0.0"
"39545";"HP  363 black  C8721EE";"0.0";"0.0"
"41009";"HP  363 cyan  C8771EE";"0.0";"0.0"
"41010";"HP  363 magenta  C8772EE";"0.0";"0.0"
"41012";"HP  363 photo cyan  C8774EE";"0.0";"0.0"
"48096";"HP  363 photo magenta  C8775EE";"0.0";"0.0"
"41011";"HP  363 yellow  C8773EE";"0.0";"0.0"
"48097";"HP  363XL black  C8719EE";"0.0";"0.0"
"39389";"HP  364 black  CN680E";"0.0";"0.0"
"40991";"HP  364 cyan  CN681E";"0.0";"0.0"
"40992";"HP  364 magenta  CN682E";"0.0";"0.0"
"40997";"HP  364 mix SETUP";"0.0";"0.0"
"40993";"HP  364 yellow  CN683E";"0.0";"0.0"
"39390";"HP  364XL black  CN684E";"0.0";"0.0"
"40994";"HP  364XL cyan  CN685E";"0.0";"0.0"
"40995";"HP  364XL magenta  CN686E";"0.0";"0.0"
"40996";"HP  364XL yellow  CN687E";"0.0";"0.0"
"50504";"HP  38 black  C9412A";"0.0";"0.0"
"50505";"HP  38 cyan  C9415A";"0.0";"0.0"
"50511";"HP  38 light cyan  C9418A";"0.0";"0.0"
"50510";"HP  38 light grey  C9414A";"0.0";"0.0"
"50509";"HP  38 light magenta  C9419A";"0.0";"0.0"
"50506";"HP  38 magenta  C9416A";"0.0";"0.0"
"50508";"HP  38 photo  C9413A";"0.0";"0.0"
"50507";"HP  38 yellow  C9417A";"0.0";"0.0"
"41162";"HP  45/15 NV with CHIP";"0.0";"0.0"
"41230";"HP  45/15 OEM with CHIP";"0.0";"0.0"
"48300";"HP  45/15 similar  CG378A";"0.0";"0.0"
"40054";"HP  46 black";"0.0";"0.0"
"40055";"HP  46 color";"0.0";"0.0"
"50883";"HP  47 bl    6ZD21AE";"4.0";"4.0"
"50884";"HP  47 bl SETUP";"4.0";"4.0"
"50517";"HP  47 col  6ZD61AE";"4.0";"4.0"
"50518";"HP  47 col SETUP";"4.0";"4.0"
"48087";"HP  50 cyan  51650CE";"0.0";"0.0"
"48088";"HP  50 magenta  51650ME";"0.0";"0.0"
"48089";"HP  50 yellow  51650YE";"0.0";"0.0"
"50535";"HP  51625A    25";"0.0";"0.0"
"39078";"HP  51626A    26";"0.0";"0.0"
"47536";"HP  51626A    26 NV";"0.0";"0.0"
"39079";"HP  51629A/G     29";"0.0";"0.0"
"39756";"HP  51640A       40 black";"0.0";"0.0"
"50532";"HP  51640C       40 cyan";"0.0";"0.0"
"50533";"HP  51640M       40 magenta";"0.0";"0.0"
"50534";"HP  51640Y       40 yellow";"0.0";"0.0"
"50536";"HP  51641A       41 color";"0.0";"0.0"
"41215";"HP  51644BE black  44";"0.0";"0.0"
"41207";"HP  51644CE cyan  44";"0.0";"0.0"
"41206";"HP  51644ME magenta  44";"0.0";"0.0"
"41208";"HP  51644YE yellow  44";"0.0";"0.0"
"39084";"HP  51645A/G      45    tusz";"15.0";"15.0"
"39482";"HP  51645A/G      45 NV   tusz";"2.0";"2.0"
"40205";"HP  51649A/G/N     49";"0.0";"0.0"
"47977";"HP  564 black  CB316WN";"0.0";"0.0"
"50522";"HP  564 cyan  CB318WN";"0.0";"0.0"
"50523";"HP  564 magenta  CB319WN";"0.0";"0.0"
"50525";"HP  564 photo  CB317WN";"0.0";"0.0"
"50521";"HP  564 SETUP";"0.0";"0.0"
"50524";"HP  564 yellow  CB320WN";"0.0";"0.0"
"50526";"HP  564XL black  CN684WN";"0.0";"0.0"
"50527";"HP  564XL photo  CB322WN";"0.0";"0.0"
"50537";"HP  60 black   START";"0.0";"0.0"
"41166";"HP  60 black  CC640WN";"0.0";"0.0"
"50465";"HP  60 black NV";"0.0";"0.0"
"50538";"HP  60 color   START";"0.0";"0.0"
"41167";"HP  60 color  CC643WN";"0.0";"0.0"
"50466";"HP  60 color NV";"0.0";"0.0"
"48276";"HP  60XL black  CC641WN";"0.0";"0.0"
"48277";"HP  60XL color  CC644WN";"0.0";"0.0"
"40347";"HP  61 bl";"0.0";"0.0"
"50467";"HP  61 bl NV";"0.0";"0.0"
"40348";"HP  61 col";"0.0";"0.0"
"50468";"HP  61 col NV";"0.0";"0.0"
"51703";"HP  61XL bl";"0.0";"0.0"
"51704";"HP  61XL col";"0.0";"0.0"
"39999";"HP  62 bl                C2P04AE";"14.0";"14.0"
"40201";"HP  62 bl SETUP    N9J43AE";"14.0";"14.0"
"40000";"HP  62 col              C2P06AE";"14.0";"14.0"
"40202";"HP  62 col SETUP   J3N47AE, N9J42AE";"14.0";"14.0"
"51105";"Hp  62 mix colors // LONG";"0.0";"0.0"
"40046";"HP  62/62XL black NV";"2.0";"2.0"
"40045";"HP  62/62XL color NV";"2.0";"2.0"
"40011";"HP  62XL bl             C2P05AE";"14.0";"14.0"
"40012";"HP  62XL col           C2P07AE";"14.0";"14.0"
"40016";"HP  63 bl                F6U62AE";"4.0";"4.0"
"47979";"HP  63 bl NV";"0.0";"0.0"
"40079";"HP  63 bl SETUP  J3N50AE,N9J07AE,N9J08AE ,N9J30AE";"4.0";"4.0"
"40017";"HP  63 col              F6U61AE";"4.0";"4.0"
"40611";"HP  63 col NV";"0.0";"0.0"
"40080";"HP  63 col SETUP J3N49AE,N9J06AE,N9K12AE ,N9J28AE";"4.0";"4.0"
"40019";"HP  63XL bl             F6U64AE";"4.0";"4.0"
"40018";"HP  63XL col           F6U63AE";"4.0";"4.0"
"40308";"HP  64 bl                N9J90AN";"0.0";"0.0"
"40313";"HP  64 bl NV";"0.0";"0.0"
"40312";"HP  64 bl SETUP";"0.0";"0.0"
"40309";"HP  64 col               N9J89AN";"0.0";"0.0"
"47543";"HP  64 col NV";"0.0";"0.0"
"47542";"HP  64 col SETUP";"0.0";"0.0"
"40310";"HP  64XL bl                N9J92AN";"0.0";"0.0"
"40311";"HP  64XL col                N9J91AN";"0.0";"0.0"
"40314";"HP  65 bl                N9K02AN";"0.0";"0.0"
"40318";"HP  65 bl NV";"0.0";"0.0"
"40316";"HP  65 bl SETUP";"0.0";"0.0"
"40315";"HP  65 col               N9K01AN";"0.0";"0.0"
"40317";"HP  65 col  SETUP";"0.0";"0.0"
"40319";"HP  65 col NV";"0.0";"0.0"
"39539";"HP  650 bl";"12.0";"12.0"
"39765";"HP  650 bl NV";"2.0";"2.0"
"39565";"HP  650 col";"12.0";"12.0"
"39972";"HP  650 col NV";"2.0";"2.0"
"39979";"HP  651 bl                 C2P10AE";"12.0";"12.0"
"40610";"HP  651 bl NV";"2.0";"2.0"
"40203";"HP  651 bl SETUP";"10.0";"10.0"
"39978";"HP  651 col                C2P11AE";"14.0";"14.0"
"47978";"HP  651 col NV";"2.0";"2.0"
"40204";"HP  651 col SETUP";"10.0";"10.0"
"39973";"HP  652 bl                F6V25AE";"12.0";"12.0"
"40047";"HP  652 bl NV";"2.0";"2.0"
"40083";"HP  652 bl SETUP    N9J25AE, N9J27AE";"12.0";"12.0"
"39975";"HP  652 col               F6V24AE";"12.0";"12.0"
"40048";"HP  652 col NV";"2.0";"2.0"
"40082";"HP  652 col SETUP   N9J26AE, N9J24AE";"12.0";"12.0"
"41189";"HP  653 bl    3YM75AE";"12.0";"12.0"
"49363";"HP  653 bl NV";"2.0";"2.0"
"41191";"HP  653 bl SETUP";"12.0";"12.0"
"41190";"HP  653 col    3YM74AE";"12.0";"12.0"
"49364";"HP  653 col NV";"2.0";"2.0"
"41192";"HP  653 col SETUP";"12.0";"12.0"
"39549";"HP  655 black  CZ109AE";"0.0";"0.0"
"40998";"HP  655 cyan  CZ110AE";"0.0";"0.0"
"40999";"HP  655 magenta  CZ111AE";"0.0";"0.0"
"41001";"HP  655 mix SETUP";"0.0";"0.0"
"41000";"HP  655 yellow  CZ112AE";"0.0";"0.0"
"47544";"HP  65XL bl                N9K04AN";"0.0";"0.0"
"47545";"HP  65XL col                N9K03AN";"0.0";"0.0"
"41220";"HP  67 black  3YM56A";"4.0";"4.0"
"41225";"HP  67 black  SETUP  3YM52A";"4.0";"4.0"
"50469";"HP  67 black NV";"0.0";"0.0"
"41221";"HP  67 color  3YM55A";"4.0";"4.0"
"50470";"HP  67 color NV";"0.0";"0.0"
"41224";"HP  67 color SETUP  3YM51A";"4.0";"4.0"
"41240";"HP  678 black";"0.0";"0.0"
"41241";"HP  678 color";"0.0";"0.0"
"41222";"HP  67XL black  3YM57A";"4.0";"4.0"
"41223";"HP  67XL color  3YM58A";"4.0";"4.0"
"51672";"HP  68 black 7FP21T";"0.0";"0.0"
"51577";"HP  68 black setup 7FP01A";"0.0";"0.0"
"51653";"HP  68 color 7FP20T";"0.0";"0.0"
"51578";"HP  68 color setup 7FP00A";"0.0";"0.0"
"51394";"HP  68/308 black 7FP43A // LONG";"0.0";"0.0"
"51395";"HP  68/308 color 7FP42A // LONG";"0.0";"0.0"
"40947";"HP  70 blue  C9458A";"0.0";"0.0"
"40937";"HP  70 cyan  C9452A";"0.0";"0.0"
"50539";"HP  70 glass enhancer  C9459A";"0.0";"0.0"
"48075";"HP  70 green  C9457A";"0.0";"0.0"
"40942";"HP  70 grey  C9450A";"0.0";"0.0"
"40940";"HP  70 light cyan  C9390A";"0.0";"0.0"
"40941";"HP  70 light grey  C9451A";"0.0";"0.0"
"40946";"HP  70 light magenta  C9455A";"0.0";"0.0"
"40939";"HP  70 magenta  C9453A";"0.0";"0.0"
"40938";"HP  70 matte black  C9448A";"0.0";"0.0"
"40943";"HP  70 photo black  C9449A";"0.0";"0.0"
"40945";"HP  70 red  C9456A";"0.0";"0.0"
"40944";"HP  70 yellow  C9454A";"0.0";"0.0"
"40956";"HP  711  SETUP";"0.0";"0.0"
"41420";"HP  711 black    CZ129A";"0.0";"0.0"
"39827";"HP  711 black    CZ133A";"0.0";"0.0"
"40955";"HP  711 cyan    CZ130A";"0.0";"0.0"
"40953";"HP  711 magenta    CZ131A";"0.0";"0.0"
"40954";"HP  711 yellow    CZ132A";"0.0";"0.0"
"41421";"HP  712 black    3ED70A";"0.0";"0.0"
"41422";"HP  712 cyan    3ED67A";"0.0";"0.0"
"41423";"HP  712 magenta    3ED68A";"0.0";"0.0"
"41425";"HP  712 SETUP cmyk";"0.0";"0.0"
"41424";"HP  712 yellow    3ED69A";"0.0";"0.0"
"48410";"HP  712XL black    3ED71A";"0.0";"0.0"
"50541";"HP  72   black  69 ml";"0.0";"0.0"
"50540";"HP  72   cyan  69 ml";"0.0";"0.0"
"50542";"HP  72   magenta  69 ml";"0.0";"0.0"
"50543";"HP  72   yellow  69 ml";"0.0";"0.0"
"51809";"HP  72 black  C9403A  130 ml";"0.0";"0.0"
"26009";"HP  72 cyan  C9371A  130 ml";"0.0";"0.0"
"26012";"HP  72 grey  C9374A  130 ml";"0.0";"0.0"
"26010";"HP  72 magenta  C9372A  130 ml";"0.0";"0.0"
"31408";"HP  72 matte black  C9403A  130 ml";"0.0";"0.0"
"39669";"HP  72 photo black  C9370A  130 ml";"0.0";"0.0"
"48086";"HP  72 SETUP";"0.0";"0.0"
"26011";"HP  72 yellow  C9373A  130 ml";"0.0";"0.0"
"40979";"HP  726 matte black CH575A";"0.0";"0.0"
"40949";"HP  727  cyan  F9J76A  300 ml";"0.0";"0.0"
"40950";"HP  727  grey  F9J80A  300 ml";"0.0";"0.0"
"48076";"HP  727  magenta  F9J77A  300 ml";"0.0";"0.0"
"25970";"HP  727  matte black  C1Q12A  300 ml";"0.0";"0.0"
"25968";"HP  727  photo black  F9J79A  300 ml";"0.0";"0.0"
"40951";"HP  727  yellow  F9J78A  300 ml";"0.0";"0.0"
"25045";"HP  727 cyan  B3P19A  130 ml";"0.0";"0.0"
"25960";"HP  727 grey  B3P24A  130 ml";"0.0";"0.0"
"25961";"HP  727 magenta  B3P20A  130 ml";"0.0";"0.0"
"25962";"HP  727 matte black  B3P22A  130 ml";"0.0";"0.0"
"40948";"HP  727 photo black  B3P23A  130 ml";"0.0";"0.0"
"25964";"HP  727 yellow  B3P21A  130 ml";"0.0";"0.0"
"48080";"HP  728  cyan  F9K17A  300 ml";"0.0";"0.0"
"48081";"HP  728  magenta  F9K16A  300 ml";"0.0";"0.0"
"48083";"HP  728  matte black  F9J68A  300 ml";"0.0";"0.0"
"48082";"HP  728  yellow  F9K15A  300 ml";"0.0";"0.0"
"40952";"HP  728 cyan  F9J67A  130 ml";"0.0";"0.0"
"48077";"HP  728 magenta  F9J66A  130 ml";"0.0";"0.0"
"48079";"HP  728 matte black  F9J64A  69 ml";"0.0";"0.0"
"48078";"HP  728 yellow  F9J65A  130 ml";"0.0";"0.0"
"50512";"HP  73 chrome red  CD951A 130 ml";"0.0";"0.0"
"41349";"HP  730  P2V62A cyan 130 ml";"0.0";"0.0"
"41350";"HP  730  P2V63A magenta 130 ml";"0.0";"0.0"
"41351";"HP  730  P2V64A yellow 130 ml";"0.0";"0.0"
"41348";"HP  730  P2V65A matte black 130 ml";"0.0";"0.0"
"48365";"HP  730  P2V66A grey 130 ml";"0.0";"0.0"
"48366";"HP  730  P2V67A photo black 130 ml";"0.0";"0.0"
"41354";"HP  730  P2V68A cyan 300 ml";"0.0";"0.0"
"48367";"HP  730  P2V69A magenta 300 ml";"0.0";"0.0"
"41352";"HP  730  P2V70A yellow 300 ml";"0.0";"0.0"
"41353";"HP  730  P2V71A matte black 300 ml";"0.0";"0.0"
"41355";"HP  730  P2V72A grey 300 ml";"0.0";"0.0"
"41356";"HP  730  P2V73A photo black 300 ml";"0.0";"0.0"
"41347";"HP  730 SETUP";"0.0";"0.0"
"50475";"HP  74 black START";"0.0";"0.0"
"50476";"HP  74 col START";"0.0";"0.0"
"49205";"HP  745 cyan  F9K03A  300 ml";"0.0";"0.0"
"49206";"HP  745 magenta  F9K01A  300 ml";"0.0";"0.0"
"49204";"HP  745 matte black  F9K05A  300 ml";"0.0";"0.0"
"49208";"HP  745 photo black  F9K04A  300 ml";"0.0";"0.0"
"49209";"HP  745 red  F9K06A  300 ml";"0.0";"0.0"
"49207";"HP  745 yellow  F9K02A  300 ml";"0.0";"0.0"
"50496";"HP  746 cyan  P2V80A  300 ml";"0.0";"0.0"
"50493";"HP  746 magenta  P2V78A  300 ml";"0.0";"0.0"
"50492";"HP  746 matte black  P2V83A  300 ml";"0.0";"0.0"
"50495";"HP  746 photo black  P2V82A  300 ml";"0.0";"0.0"
"50494";"HP  746 red  P2V81A  300 ml";"0.0";"0.0"
"50497";"HP  746 yellow  P2V79A  300 ml";"0.0";"0.0"
"47708";"HP  75 XL";"0.0";"0.0"
"50499";"HP  764 grey  C1Q18A  300 ml";"0.0";"0.0"
"50498";"HP  764 matte black  C1Q17A  300 ml";"0.0";"0.0"
"50457";"HP  772  cyan  CN636A  300 ml";"0.0";"0.0"
"50462";"HP  772  light cyan  CN632A  300 ml";"0.0";"0.0"
"50463";"HP  772  light grey  CN634A  300 ml";"0.0";"0.0"
"50461";"HP  772  light magenta  CN631A  300 ml";"0.0";"0.0"
"50459";"HP  772  magenta  CN629A  300 ml";"0.0";"0.0"
"50464";"HP  772  matte black  CN635A  300 ml";"0.0";"0.0"
"50458";"HP  772  photo black  CN633A  300 ml";"0.0";"0.0"
"50460";"HP  772  yellow  CN630A  300 ml";"0.0";"0.0"
"48095";"HP  80  mix";"0.0";"0.0"
"40988";"HP  82  cyan  CH566A  28 ml";"0.0";"0.0"
"40989";"HP  82  magenta  CH567A  28 ml";"0.0";"0.0"
"40990";"HP  82  yellow  CH568A  28 ml";"0.0";"0.0"
"39767";"HP  82 black  CH565H  69 ml";"0.0";"0.0"
"40985";"HP  82 cyan  C4911A  69 ml";"0.0";"0.0"
"40986";"HP  82 magenta  C4912A  69 ml";"0.0";"0.0"
"40987";"HP  82 yellow  C4913A  69 ml";"0.0";"0.0"
"48090";"HP  84 black  C5016A cartridge   69 ml";"0.0";"0.0"
"47976";"HP  84 black  C5019A printerhead";"0.0";"0.0"
"40984";"HP  85  cyan C9420A printhead";"0.0";"0.0"
"48094";"HP  85  magenta C9421A printhead";"0.0";"0.0"
"48092";"HP  85  photo cyan C9423A printhead";"0.0";"0.0"
"48093";"HP  85  photo magenta C9424A printhead";"0.0";"0.0"
"40983";"HP  85  yellow C9422A printhead";"0.0";"0.0"
"48091";"HP  85 cyan  C9425A  cartr 28 ml";"0.0";"0.0"
"40981";"HP  85 light cyan C9428A cartr 69 ml";"0.0";"0.0"
"40980";"HP  85 light magenta  C9429A cartr 69 ml";"0.0";"0.0"
"40982";"HP  85 magenta  C9426A cartr 28 ml";"0.0";"0.0"
"47975";"HP  85 yellow  C9427A  cartr  69 ml";"0.0";"0.0"
"41016";"HP  88 mix SETUP and SMALL";"0.0";"0.0"
"39316";"HP  88XL black  C9396AE";"0.0";"0.0"
"41013";"HP  88XL cyan  C9391AE";"0.0";"0.0"
"41014";"HP  88XL magenta  C9392AE";"0.0";"0.0"
"41015";"HP  88XL yellow  C9393AE";"0.0";"0.0"
"50477";"HP  902 black";"0.0";"0.0"
"50478";"HP  902 cyan";"0.0";"0.0"
"50479";"HP  902 magenta";"0.0";"0.0"
"40605";"HP  902 SETUP";"0.0";"0.0"
"50480";"HP  902 yellow";"0.0";"0.0"
"50487";"HP  902XL";"0.0";"0.0"
"47974";"HP  902XL black";"0.0";"0.0"
"50481";"HP  902XL cyan";"0.0";"0.0"
"50482";"HP  902XL magenta";"0.0";"0.0"
"50483";"HP  902XL yellow";"0.0";"0.0"
"40930";"HP  903 black  T6L99AE";"0.0";"0.0"
"40931";"HP  903 cyan  T6L87AE";"0.0";"0.0"
"40933";"HP  903 magenta";"0.0";"0.0"
"40885";"HP  903 mix SETUP";"0.0";"0.0"
"40932";"HP  903 yellow  T6L95AE";"0.0";"0.0"
"40056";"HP  903XL black  T6M15AE";"0.0";"0.0"
"40934";"HP  903XL cyan  T6M03AE";"0.0";"0.0"
"40935";"HP  903XL magenta  T6M07AE";"0.0";"0.0"
"40936";"HP  903XL yellow  T6M11AE";"0.0";"0.0"
"50672";"HP  905 black";"0.0";"0.0"
"50673";"HP  905 cyan";"0.0";"0.0"
"50674";"HP  905 magenta";"0.0";"0.0"
"50676";"HP  905 SETUP";"0.0";"0.0"
"50675";"HP  905 yellow";"0.0";"0.0"
"50677";"HP  905XL black";"0.0";"0.0"
"50678";"HP  905XL cyan";"0.0";"0.0"
"50679";"HP  905XL magenta";"0.0";"0.0"
"50680";"HP  905XL yellow";"0.0";"0.0"
"40057";"HP  907XL black  T6M19AE";"0.0";"0.0"
"41065";"HP  910 black  3YL61AN";"0.0";"0.0"
"41066";"HP  910 cyan  3YL58AN";"0.0";"0.0"
"48216";"HP  910 magenta  3YL59AN";"0.0";"0.0"
"41067";"HP  910 yellow  3YL60AN";"0.0";"0.0"
"48212";"HP  910XL black  3YL65AN";"0.0";"0.0"
"48213";"HP  910XL cyan  3YL62AN";"0.0";"0.0"
"48214";"HP  910XL magenta  3YL63AN";"0.0";"0.0"
"48215";"HP  910XL yellow  3YL64AN";"0.0";"0.0"
"41072";"HP  912 black  3YL80AE";"0.0";"0.0"
"41073";"HP  912 cyan  3YL77AE";"0.0";"0.0"
"41074";"HP  912 magenta  3YL78AE";"0.0";"0.0"
"50485";"HP  912 mix SETUP";"0.0";"0.0"
"41075";"HP  912 yellow  3YL79AE";"0.0";"0.0"
"41068";"HP  912XL black  3YL84AE";"0.0";"0.0"
"41069";"HP  912XL cyan  3YL81AE";"0.0";"0.0"
"41070";"HP  912XL magenta  3YL82AE";"0.0";"0.0"
"41071";"HP  912XL yellow  3YL83AE";"0.0";"0.0"
"48085";"HP  913  mix SETUP";"0.0";"0.0"
"40073";"HP  913A black  L0R95AE";"0.0";"0.0"
"40968";"HP  913A cyan  F6T77AE";"0.0";"0.0"
"40969";"HP  913A magenta  F6T78AE";"0.0";"0.0"
"40970";"HP  913A yellow  F6T79AE";"0.0";"0.0"
"48211";"HP  916XL black  3YL66AN";"0.0";"0.0"
"48210";"HP  917XL black  3YL85AE";"0.0";"0.0"
"39391";"HP  920 black  CD971AE";"0.0";"0.0"
"41002";"HP  920 cyan";"0.0";"0.0"
"41003";"HP  920 magenta";"0.0";"0.0"
"41008";"HP  920 mix SETUP";"0.0";"0.0"
"41004";"HP  920 yellow";"0.0";"0.0"
"24267";"HP  920XL black  CD975AE";"0.0";"0.0"
"41005";"HP  920XL cyan  CD972AE";"0.0";"0.0"
"41006";"HP  920XL magenta  CD973AE";"0.0";"0.0"
"41007";"HP  920XL yellow  CD974AE";"0.0";"0.0"
"39555";"HP  932 black  CN057AE";"0.0";"0.0"
"41211";"HP  932 SETUP";"0.0";"0.0"
"39660";"HP  932XL black  CN053AE";"0.0";"0.0"
"47816";"HP  933 cyan";"0.0";"0.0"
"48064";"HP  933 magenta";"0.0";"0.0"
"41210";"HP  933 SETUP";"0.0";"0.0"
"48065";"HP  933 yellow";"0.0";"0.0"
"21180";"HP  933XL cyan  CN054AE";"0.0";"0.0"
"25904";"HP  933XL magenta  CN055AE";"0.0";"0.0"
"25905";"HP  933XL yellow  CN056AE";"0.0";"0.0"
"39890";"HP  934 black";"0.0";"0.0"
"41212";"HP  934 SETUP";"0.0";"0.0"
"39891";"HP  934XL   C2P20AE";"0.0";"0.0"
"40923";"HP  935 cyan";"0.0";"0.0"
"40924";"HP  935 magenta";"0.0";"0.0"
"41213";"HP  935 SETUP";"0.0";"0.0"
"39887";"HP  935 yellow";"0.0";"0.0"
"39889";"HP  935XL cyan  C2P21AE";"0.0";"0.0"
"40926";"HP  935XL magenta  C2P23AE";"0.0";"0.0"
"40925";"HP  935XL yellow  C2P22AE";"0.0";"0.0"
"51762";"HP  937 black";"0.0";"0.0"
"51763";"HP  937 cyan";"0.0";"0.0"
"51764";"HP  937 magenta";"0.0";"0.0"
"51765";"HP  937 yellow";"0.0";"0.0"
"50514";"HP  94 black  C8765WN";"0.0";"0.0"
"50513";"HP  94 black START";"0.0";"0.0"
"50471";"HP  940  black";"0.0";"0.0"
"50472";"HP  940  cyan";"0.0";"0.0"
"50473";"HP  940  magenta";"0.0";"0.0"
"50474";"HP  940  yellow";"0.0";"0.0"
"41019";"HP  940 mix SETUP";"0.0";"0.0"
"39392";"HP  940 XL black  C4906AE";"0.0";"0.0"
"41017";"HP  940 XL cyan  C4907AE";"0.0";"0.0"
"26064";"HP  940 XL magenta  C4908AE";"0.0";"0.0"
"41018";"HP  940 XL yellow  C4909AE";"0.0";"0.0"
"39602";"HP  950 black          CN049AE";"0.0";"0.0"
"40829";"HP  950 black SETUP";"0.0";"0.0"
"19820";"HP  950XL black     CN045AE";"0.0";"0.0"
"40833";"HP  951 cmy SETUP";"0.0";"0.0"
"39601";"HP  951 cyan        CN050S";"0.0";"0.0"
"40830";"HP  951 magenta        CN051S";"0.0";"0.0"
"40831";"HP  951 yellow        CN052S";"0.0";"0.0"
"19826";"HP  951XL cyan   CN046AE";"0.0";"0.0"
"25607";"HP  951XL magenta   CN047AE";"0.0";"0.0"
"25608";"HP  951XL yellow   CN048AE";"0.0";"0.0"
"50484";"HP  952 mix SETUP";"0.0";"0.0"
"47503";"HP  952XL          F6U19AN";"0.0";"0.0"
"40272";"HP  953 black  L0S58AE";"0.0";"0.0"
"25898";"HP  953 cyan  F6U12AE";"0.0";"0.0"
"40918";"HP  953 magenta  F6U13AE";"0.0";"0.0"
"40971";"HP  953 mix  SETUP";"0.0";"0.0"
"40919";"HP  953 yellow  F6U14AE";"0.0";"0.0"
"22081";"HP  953XL black  L0S70AE";"0.0";"0.0"
"40920";"HP  953XL cyan  F6U16AE";"0.0";"0.0"
"40921";"HP  953XL magenta  F6U17AE";"0.0";"0.0"
"40922";"HP  953XL yellow  F6U18AE";"0.0";"0.0"
"40058";"HP  957XL black  L0R40AE";"0.0";"0.0"
"50488";"HP  962 black";"0.0";"0.0"
"50489";"HP  962 cyan";"0.0";"0.0"
"50490";"HP  962 magenta";"0.0";"0.0"
"50486";"HP  962 SETUP";"0.0";"0.0"
"50491";"HP  962 yellow";"0.0";"0.0"
"41161";"HP  963   SETUP";"0.0";"0.0"
"41058";"HP  963 black  3JA26AE";"0.0";"0.0"
"41059";"HP  963 cyan  3JA23AE";"0.0";"0.0"
"41060";"HP  963 magenta  3JA24AE";"0.0";"0.0"
"41061";"HP  963 yellow  3JA25AE";"0.0";"0.0"
"41062";"HP  963XL black  3JA30AE";"2.0";"2.0"
"41064";"HP  963XL cyan  3JA27AE";"2.0";"2.0"
"48208";"HP  963XL magenta  3JA28AE";"2.0";"2.0"
"48209";"HP  963XL yellow  3JA29AE";"2.0";"2.0"
"41063";"HP  967XL black  3JA31AE";"0.0";"0.0"
"50515";"HP  97 color  C9363WN";"0.0";"0.0"
"50516";"HP  97 color START";"0.0";"0.0"
"39980";"HP  970 black  CN621AE";"0.0";"0.0"
"40826";"HP  970 black SETUP";"0.0";"0.0"
"20174";"HP  970XL  black  CN625AE";"0.0";"0.0"
"39981";"HP  971 cyan  CN622AE";"0.0";"0.0"
"40824";"HP  971 magenta  CN623AE";"0.0";"0.0"
"40832";"HP  971 mix SETUP";"0.0";"0.0"
"40825";"HP  971 yellow  CN624AE";"0.0";"0.0"
"20215";"HP  971XL cyan  CN626AE";"0.0";"0.0"
"25597";"HP  971XL magenta  CN627AE";"0.0";"0.0"
"25598";"HP  971XL yellow  CN628AE";"0.0";"0.0"
"47985";"HP  972 black";"0.0";"0.0"
"47986";"HP  972 cmy";"0.0";"0.0"
"47987";"HP  972X black";"0.0";"0.0"
"47988";"HP  972X cmy";"0.0";"0.0"
"40271";"HP  973 black";"0.0";"0.0"
"40641";"HP  973 cyan";"0.0";"0.0"
"40827";"HP  973 magenta";"0.0";"0.0"
"25609";"HP  973 mix SETUP";"0.0";"0.0"
"40828";"HP  973 yellow";"0.0";"0.0"
"21971";"HP  973X black  L0S07AE";"0.0";"0.0"
"25211";"HP  973X cyan  F6T81AE";"0.0";"0.0"
"25602";"HP  973X magenta  F6T82AE";"0.0";"0.0"
"25603";"HP  973X yellow  F6T83AE";"0.0";"0.0"
"40604";"HP  976 SETUP";"0.0";"0.0"
"40603";"HP  976XL black  L0S20YC";"0.0";"0.0"
"48289";"HP  976XL cyan  L0S29YC";"0.0";"0.0"
"48290";"HP  976XL magenta  L0S30YC";"0.0";"0.0"
"41209";"HP  976XL yellow  L0S31YC";"0.0";"0.0"
"40972";"HP  976Y black  L0R08A";"0.0";"0.0"
"40024";"HP  980 black  D8J10A";"0.0";"0.0"
"40823";"HP  980 black SETUP";"0.0";"0.0"
"48026";"HP  980 cmy SETUP";"0.0";"0.0"
"40818";"HP  980 cyan  D8J07A";"0.0";"0.0"
"40819";"HP  980 magenta  D8J08A";"0.0";"0.0"
"40820";"HP  980 yellow  D8J09A";"0.0";"0.0"
"40074";"HP  981A black  J3M71A";"0.0";"0.0"
"49346";"HP  981A cmyk SETUP";"0.0";"0.0"
"40957";"HP  981A cyan  J3M68A";"0.0";"0.0"
"40958";"HP  981A magenta  J3M69A";"0.0";"0.0"
"40959";"HP  981A yellow  J3M70A";"0.0";"0.0"
"40960";"HP  981X black  L0R12A";"0.0";"0.0"
"40961";"HP  981X cyan  L0R09A";"0.0";"0.0"
"40962";"HP  981X magenta  L0R10A";"0.0";"0.0"
"40963";"HP  981X yellow  L0R11A";"0.0";"0.0"
"40964";"HP  981Y black  L0R16A";"0.0";"0.0"
"40965";"HP  981Y cyan  L0R13A";"0.0";"0.0"
"40966";"HP  981Y magenta  L0R14A";"0.0";"0.0"
"40967";"HP  981Y yellow  L0R15A";"0.0";"0.0"
"50528";"HP  982 black";"0.0";"0.0"
"50529";"HP  982 cyan";"0.0";"0.0"
"50530";"HP  982 magenta";"0.0";"0.0"
"50531";"HP  982 yellow";"0.0";"0.0"
"39888";"HP  982XL black  T0B30A";"0.0";"0.0"
"48025";"HP  982XL cyan  T0B27A";"0.0";"0.0"
"40821";"HP  982XL magenta  T0B28A";"0.0";"0.0"
"40822";"HP  982XL yellow  T0B29A";"0.0";"0.0"
"50519";"HP  99 color  C9369WN";"0.0";"0.0"
"50520";"HP  99 color START";"0.0";"0.0"
"40375";"HP  991  mix SETUP";"0.0";"0.0"
"40374";"HP  991A black  M0J86AE";"0.0";"0.0"
"40973";"HP  991A cyan  M0J74AE";"0.0";"0.0"
"40974";"HP  991A magenta  M0J78AE";"0.0";"0.0"
"40975";"HP  991A yellow  M0J82AE";"0.0";"0.0"
"40376";"HP  991X black  M0K02AE";"0.0";"0.0"
"40976";"HP  991X cyan  M0J90AE";"0.0";"0.0"
"40977";"HP  991X magenta  M0J94AE";"0.0";"0.0"
"40978";"HP  991X yellow  M0J98AE";"0.0";"0.0"
"39085";"HP  C1823D     23";"0.0";"0.0"
"40218";"HP  C1823D     23  NV";"0.0";"0.0"
"39429";"HP  C6578A       78 NV  ink";"0.0";"0.0"
"39086";"HP  C6578A       78A ink";"5.0";"5.0"
"40292";"HP  C6578D       78D ink";"5.0";"5.0"
"39081";"HP  C6614D/N       20";"0.0";"0.0"
"39082";"HP  C6615D/N         15";"15.0";"15.0"
"39430";"HP  C6615D/N         15 NV";"2.0";"2.0"
"39083";"HP  C6625A         17";"0.0";"0.0"
"21518";"HP  C6625A         17 NV";"0.0";"0.0"
"19089";"HP  C6656        56";"0.0";"0.0"
"39408";"HP  C6656        56 NV";"0.0";"0.0"
"39963";"HP  C6656        56 small";"0.0";"0.0"
"39088";"HP  C6657        57";"0.0";"0.0"
"39375";"HP  C6657        57 NV";"0.0";"0.0"
"40273";"HP  C6657        57 photo";"0.0";"0.0"
"39900";"HP  C6657        57 small start";"0.0";"0.0"
"39090";"HP  C6658        58";"0.0";"0.0"
"40020";"HP  C6658        58 NV";"0.0";"0.0"
"39087";"HP  C8727        27";"0.0";"0.0"
"39438";"HP  C8727        27 NV";"0.0";"0.0"
"19088";"HP  C8728        28";"0.0";"0.0"
"39406";"HP  C8728        28 NV";"0.0";"0.0"
"39138";"HP  C8765EE      338";"0.0";"0.0"
"39405";"HP  C8765EE      338 NV";"0.0";"0.0"
"39407";"HP  C8765EE      338 START";"0.0";"0.0"
"39755";"HP  C8765EE      338 START NV";"0.0";"0.0"
"39135";"HP  C8766EE      343";"0.0";"0.0"
"39400";"HP  C8766EE      343 NV";"ZB";"0.0"
"19197";"HP  C8767EE      339";"0.0";"0.0"
"39448";"HP  C8767EE      339 NV";"ZB";"0.0"
"39162";"HP  C9351AE      21 duży";"0.0";"0.0"
"39923";"HP  C9351AE      21 mały";"0.0";"0.0"
"47733";"HP  C9351AE      21G small";"0.0";"0.0"
"39402";"HP  C9351AE      21NV/21XLNV";"0.0";"0.0"
"39282";"HP  C9351AE      21XL";"2.0";"2.0"
"39163";"HP  C9352AE      22 duży";"1.0";"1.0"
"39924";"HP  C9352AE      22 mały";"0.0";"0.0"
"39403";"HP  C9352AE      22/22XL NV";"0.0";"0.0"
"47435";"HP  C9352AE      22G";"0.0";"0.0"
"39295";"HP  C9352AE      22XL";"4.0";"4.0"
"39180";"HP  C9359AE      59";"0.0";"0.0"
"47537";"HP  C9360AE      102 grey photo";"0.0";"0.0"
"39181";"HP  C9361EE      342";"0.0";"0.0"
"39401";"HP  C9361EE      342 NV";"0.0";"0.0"
"39182";"HP  C9362EE      336";"0.0";"0.0"
"39380";"HP  C9362EE      336 NV";"0.0";"0.0"
"39433";"HP  C9362EE      336 START";"0.0";"0.0"
"39136";"HP  C9363EE      344";"0.0";"0.0"
"39399";"HP  C9363EE      344 NV";"ZB";"0.0"
"39203";"HP  C9364EE       337";"0.0";"0.0"
"39427";"HP  C9364EE       337 NV";"0.0";"0.0"
"39434";"HP  C9364EE       337 START";"0.0";"0.0"
"47538";"HP  C9365AE      101 blue photo";"0.0";"0.0"
"39280";"HP  C9368EE      100";"0.0";"0.0"
"39151";"HP  C9369EE      348";"0.0";"0.0"
"47442";"HP  C9369EE      348 NV";"0.0";"0.0"
"48288";"HP  CB256A      343  for Photo Packs";"0.0";"0.0"
"47539";"HP  CB304AE      110";"0.0";"0.0"
"39451";"HP  CB334AE      54";"0.0";"0.0"
"19451";"HP  CC640EE      300 bl";"8.0";"8.0"
"47815";"HP  CC640EE      300 bl NV";"1.0";"1.0"
"39277";"HP  CC641EE      300 XL bl";"8.0";"8.0"
"39428";"HP  CC641EE      300 XL bl  NV";"1.0";"1.0"
"19453";"HP  CC643EE      300 col";"6.0";"6.0"
"39426";"HP  CC643EE      300 col  NV";"1.0";"1.0"
"39284";"HP  CC644EE      300 XL col";"6.0";"6.0"
"39948";"HP  CC644EE      300 XL col  NV";"1.0";"1.0"
"19458";"HP  CC653AE      901 bl";"8.0";"8.0"
"39443";"HP  CC653AE      901 bl  NV";"0.0";"0.0"
"39290";"HP  CC654AE      901XL bl";"8.0";"8.0"
"39541";"HP  CC654AE      901XL bl NV";"0.0";"0.0"
"39338";"HP  CC656AE      901 col";"6.0";"6.0"
"39544";"HP  CC656AE      901 col  NV";"0.0";"0.0"
"39330";"HP  CD887AE      703 bl";"8.0";"8.0"
"39947";"HP  CD887AE      703 bl NV";"0.0";"0.0"
"39333";"HP  CD888AE      703 col";"8.0";"8.0"
"39530";"HP  CD888AE      703 col  NV";"0.0";"0.0"
"19691";"HP  CH561EE      301 bl";"11.0";"11.0"
"39442";"HP  CH561EE      301 bl NV";"2.0";"2.0"
"40021";"HP  CH561EE      301 bl OLD";"0.0";"0.0"
"19692";"HP  CH562EE      301 col";"11.0";"11.0"
"39949";"HP  CH562EE      301 col NV";"2.0";"2.0"
"39998";"HP  CH562EE      301 col OLD";"0.0";"0.0"
"19695";"HP  CH563EE      301XL bl";"11.0";"11.0"
"39531";"HP  CH563EE      301XL bl NV";"2.0";"2.0"
"39898";"HP  CH563EE      301XL bl OLD";"0.0";"0.0"
"19737";"HP  CH564EE      301XL col";"10.0";"10.0"
"39950";"HP  CH564EE      301XL col NV";"2.0";"2.0"
"40022";"HP  CH564EE      301XL col OLD";"0.0";"0.0"
"39899";"HP  CH56XEE      301/301XL bl col OLD NV";"0.0";"0.0"
"39416";"HP  CN692AE      704 bl";"8.0";"8.0"
"39572";"HP  CN692AE      704 bl  NV";"0.0";"0.0"
"39461";"HP  CN693AE      704 col";"8.0";"8.0"
"39951";"HP  CN693AE      704 col NV";"0.0";"0.0"
"41226";"HP  Printhead   3YP17A color";"0.0";"0.0"
"48294";"HP  Printhead   6ZA18AE black";"0.0";"0.0"
"41195";"HP  Printhead   M0H50A  color";"0.0";"0.0"
"41194";"HP  Printhead   M0H51A  black";"0.0";"0.0"
"51436";"HP  Printhead   X4E75A  black";"0.0";"0.0"
"47896";"HP  VERSATILE C8842A";"0.0";"0.0"
"51235";"HP  W9131 cyan";"0.0";"0.0"
"51286";"HP  W9151 MC cyan";"0.0";"0.0"
"51287";"HP  W9152 MC yellow";"0.0";"0.0"
"51288";"HP  W9153 MC magenta";"0.0";"0.0"
"51262";"Hp B3F58B SOLVENT";"0.0";"0.0"
"48988";"HP tricolor";"0.0";"0.0"
"39103";"Lexmark  10N0016      16";"ZB";"0.0"
"39599";"Lexmark  10N0016      16  NV";"ZB";"0.0"
"39104";"Lexmark  10N0026      26";"ZB";"0.0"
"39108";"Lexmark  10N0217      17";"ZB";"0.0"
"39747";"Lexmark  10N0217      17 NV";"ZB";"0.0"
"39113";"Lexmark  10N0227      27";"ZB";"0.0"
"39098";"Lexmark  12A1970      70";"ZB";"0.0"
"39099";"Lexmark  12A1980      80";"ZB";"0.0"
"39185";"Lexmark  12A1990      90  photo";"ZB";"0.0"
"39097";"Lexmark  13400HC";"ZB";"0.0"
"47818";"Lexmark  13400HC NV";"ZB";"0.0"
"47595";"Lexmark  13619HC";"ZB";"0.0"
"47594";"Lexmark  13620HC";"ZB";"0.0"
"39102";"Lexmark  15M0120      20";"ZB";"0.0"
"39528";"Lexmark  15M0125      25";"ZB";"0.0"
"39150";"Lexmark  15M2619      19";"ZB";"0.0"
"39100";"Lexmark  17G0050      50";"ZB";"0.0"
"39101";"Lexmark  17G0060       60";"ZB";"0.0"
"39529";"Lexmark  17G0648      48";"ZB";"0.0"
"39145";"Lexmark  18C0031      31";"ZB";"0.0"
"39186";"Lexmark  18C0032      32";"ZB";"0.0"
"39146";"Lexmark  18C0033      33";"ZB";"0.0"
"39147";"Lexmark  18C0034      34";"ZB";"0.0"
"39509";"Lexmark  18C0034      34 NV";"ZB";"0.0"
"39148";"Lexmark  18C0035      35";"ZB";"0.0"
"39748";"Lexmark  18C0035      35 NV";"ZB";"0.0"
"39311";"Lexmark  18C0190E    2";"ZB";"0.0"
"39204";"Lexmark  18C0781E    1";"ZB";"0.0"
"39749";"Lexmark  18C0781E    1 NV";"ZB";"0.0"
"39187";"Lexmark  18C1428E    28";"ZB";"0.0"
"39285";"Lexmark  18C1429E    29";"ZB";"0.0"
"39289";"Lexmark  18C1523E    23";"ZB";"0.0"
"39281";"Lexmark  18C1524E    24";"ZB";"0.0"
"39312";"Lexmark  18C1530E    3";"ZB";"0.0"
"39286";"Lexmark  18C2090E    14";"ZB";"0.0"
"39287";"Lexmark  18C2110E    15";"ZB";"0.0"
"39386";"Lexmark  18C2130E    36";"ZB";"0.0"
"39393";"Lexmark  18C2140E    37";"ZB";"0.0"
"39387";"Lexmark  18C2170E    36XL";"ZB";"0.0"
"39394";"Lexmark  18C2180E    37XL";"ZB";"0.0"
"39116";"Lexmark  18L0032      82";"ZB";"0.0"
"39117";"Lexmark  18L0042      83";"ZB";"0.0"
"39388";"Lexmark  18Y0141E    41";"ZB";"0.0"
"39288";"Lexmark  18Y0142E    42";"ZB";"0.0"
"39322";"Lexmark  18Y0143E    43XL";"ZB";"0.0"
"47817";"Lexmark  18Y0143E    43XL  NV";"ZB";"0.0"
"47656";"Lexmark  18Y0144E    44";"ZB";"0.0"
"39305";"Lexmark  18Y0144E    44XL";"ZB";"0.0"
"39750";"Lexmark  18Y0144E    44XL  NV";"ZB";"0.0"
"47819";"Lexmark  18Y0146E    45  photo";"ZB";"0.0"
"39852";"Lexmark  200 / 210";"ZB";"0.0"
"48865";"RICOH  GC41C cyan";"ZB";"0.0"
"48864";"RICOH  GC41K black";"ZB";"0.0"
"48866";"RICOH  GC41M magenta";"ZB";"0.0"
"48867";"RICOH  GC41Y yellow";"ZB";"0.0"
"47820";"Samsung  M10";"0.0";"0.0"
"47821";"Samsung  M40";"0.0";"0.0"
"47824";"Samsung  M40 NV";"0.0";"0.0"
"47822";"Samsung  M41";"0.0";"0.0"
"47825";"Samsung  M41 NV";"0.0";"0.0"
"47823";"Samsung  M55";"0.0";"0.0"
